image,label
1.jpg,Indiferencia
2.jpg,Indiferencia
3.jpg,Diversión
4.jpg,Indiferencia
5.jpg,Felicidad
6.jpg,Indiferencia
7.jpg,Felicidad
8.jpg,Diversión
9.jpg,Diversión
10.jpg,Diversión
11.jpg,Felicidad
12.jpg,Felicidad
13.jpg,Diversión
14.jpg,Felicidad
15.jpg,Curiosidad
16.jpg,Felicidad
17.jpg,Felicidad
18.jpg,Indiferencia
19.jpg,Felicidad
20.jpg,Curiosidad
21.jpg,Felicidad
22.jpg,Felicidad
23.jpg,Felicidad
24.jpg,Felicidad
25.jpg,Diversión
26.jpg,Felicidad
27.jpg,Felicidad
28.jpg,Curiosidad
29.jpg,Tristeza
30.jpg,Felicidad
31.jpg,Indiferencia
32.jpg,Felicidad
33.jpg,Diversión
34.jpg,Felicidad
35.jpg,Indiferencia
36.jpg,Felicidad
37.jpg,Indiferencia
38.jpg,Felicidad
39.jpg,Diversión
40.jpg,Felicidad
41.jpg,Miedo
42.jpg,Indiferencia
43.jpg,Curiosidad
44.jpg,Felicidad
45.jpg,Diversión
46.jpg,Curiosidad
47.jpg,Diversión
48.jpg,Diversión
49.jpg,Indiferencia
50.jpg,Diversión
51.jpg,Felicidad
52.jpg,Curiosidad
53.jpg,Felicidad
54.jpg,Indiferencia
55.jpg,Diversión
56.jpg,Diversión
57.jpg,Diversión
58.jpg,Felicidad
59.jpg,Felicidad
60.jpg,Indiferencia
61.jpg,Curiosidad
62.jpg,Diversión
63.jpg,Felicidad
64.jpg,Indiferencia
65.jpg,Diversión
66.jpg,Felicidad
67.jpg,Diversión
68.jpg,Diversión
69.jpg,Curiosidad
70.jpg,Felicidad
71.jpg,Diversión
72.jpg,Diversión
73.jpg,Curiosidad
74.jpg,Felicidad
75.jpg,Curiosidad
76.jpg,Felicidad
77.jpg,Felicidad
78.jpg,Felicidad
79.jpg,Felicidad
80.jpg,Tristeza
81.jpg,Felicidad
82.jpg,Felicidad
83.jpg,Diversión
84.jpg,Indiferencia
85.jpg,Curiosidad
86.jpg,Felicidad
87.jpg,Curiosidad
88.jpg,Diversión
89.jpg,Felicidad
90.jpg,Diversión
91.jpg,Diversión
92.jpg,Felicidad
93.jpg,Felicidad
94.jpg,Indiferencia
95.jpg,Felicidad
96.jpg,Felicidad
97.jpg,Indiferencia
98.jpg,Indiferencia
99.jpg,Diversión
100.jpg,Indiferencia
101.jpg,Indiferencia
102.jpg,Felicidad
103.jpg,Indiferencia
104.jpg,Felicidad
105.jpg,Felicidad
106.jpg,Felicidad
107.jpg,Indiferencia
108.jpg,Felicidad
109.jpg,Indiferencia
110.jpg,Indiferencia
111.jpg,Indiferencia
112.jpg,Indiferencia
113.jpg,Curiosidad
114.jpg,Felicidad
115.jpg,Curiosidad
116.jpg,Felicidad
117.jpg,Diversión
118.jpg,Miedo
119.jpg,Diversión
120.jpg,Indiferencia
121.jpg,Indiferencia
122.jpg,Indiferencia
123.jpg,Felicidad
124.jpg,Indiferencia
125.jpg,Indiferencia
126.jpg,Indiferencia
127.jpg,Indiferencia
128.jpg,Felicidad
129.jpg,Felicidad
130.jpg,Indiferencia
131.jpg,Felicidad
132.jpg,Diversión
133.jpg,Curiosidad
134.jpg,Felicidad
135.jpg,Indiferencia
136.jpg,Indiferencia
137.jpg,Indiferencia
138.jpg,Diversión
139.jpg,Indiferencia
140.jpg,Felicidad
141.jpg,Felicidad
142.jpg,Miedo
143.jpg,Curiosidad
144.jpg,Felicidad
145.jpg,Indiferencia
146.jpg,Felicidad
147.jpg,Diversión
148.jpg,Felicidad
149.jpg,Curiosidad
150.jpg,Felicidad
151.jpg,Indiferencia
152.jpg,Indiferencia
153.jpg,Diversión
154.jpg,Diversión
155.jpg,Miedo
156.jpg,Felicidad
157.jpg,Diversión
158.jpg,Felicidad
159.jpg,Felicidad
160.jpg,Indiferencia
161.jpg,Felicidad
162.jpg,Indiferencia
163.jpg,Indiferencia
164.jpg,Felicidad
165.jpg,Indiferencia
166.jpg,Diversión
167.jpg,Felicidad
168.jpg,Curiosidad
169.jpg,Felicidad
170.jpg,Indiferencia
171.jpg,Felicidad
172.jpg,Indiferencia
173.jpg,Curiosidad
174.jpg,Indiferencia
175.jpg,Felicidad
176.jpg,Felicidad
177.jpg,Diversión
178.jpg,Diversión
179.jpg,Indiferencia
180.jpg,Felicidad
181.jpg,Indiferencia
182.jpg,Felicidad
183.jpg,Felicidad
184.jpg,Miedo
185.jpg,Felicidad
186.jpg,Indiferencia
187.jpg,Indiferencia
188.jpg,Diversión
189.jpg,Felicidad
190.jpg,Felicidad
191.jpg,Indiferencia
192.jpg,Felicidad
193.jpg,Diversión
194.jpg,Indiferencia
195.jpg,Indiferencia
196.jpg,Indiferencia
197.jpg,Felicidad
198.jpg,Miedo
199.jpg,Indiferencia
200.jpg,Indiferencia
201.jpg,Indiferencia
202.jpg,Felicidad
203.jpg,Felicidad
204.jpg,Indiferencia
205.jpg,Diversión
206.jpg,Indiferencia
207.jpg,Indiferencia
208.jpg,Indiferencia
209.jpg,Diversión
210.jpg,Curiosidad
211.jpg,Indiferencia
212.jpg,Diversión
213.jpg,Indiferencia
214.jpg,Indiferencia
215.jpg,Diversión
216.jpg,Felicidad
217.jpg,Curiosidad
218.jpg,Indiferencia
219.jpg,Curiosidad
220.jpg,Felicidad
221.jpg,Diversión
222.jpg,Indiferencia
223.jpg,Indiferencia
224.jpg,Indiferencia
225.jpg,Indiferencia
226.jpg,Indiferencia
227.jpg,Indiferencia
228.jpg,Curiosidad
229.jpg,Felicidad
230.jpg,Felicidad
231.jpg,Indiferencia
232.jpg,Indiferencia
233.jpg,Indiferencia
234.jpg,Indiferencia
235.jpg,Indiferencia
236.jpg,Curiosidad
237.jpg,Indiferencia
238.jpg,Indiferencia
239.jpg,Indiferencia
240.jpg,Indiferencia
241.jpg,Indiferencia
242.jpg,Diversión
243.jpg,Felicidad
244.jpg,Curiosidad
245.jpg,Indiferencia
246.jpg,Indiferencia
247.jpg,Diversión
248.jpg,Indiferencia
249.jpg,Diversión
250.jpg,Indiferencia
251.jpg,Desagrado
252.jpg,Felicidad
253.jpg,Indiferencia
254.jpg,Diversión
255.jpg,Diversión
256.jpg,Indiferencia
257.jpg,Felicidad
258.jpg,Curiosidad
259.jpg,Indiferencia
260.jpg,Indiferencia
261.jpg,Felicidad
262.jpg,Indiferencia
263.jpg,Indiferencia
264.jpg,Tristeza
265.jpg,Indiferencia
266.jpg,Indiferencia
267.jpg,Curiosidad
268.jpg,Indiferencia
269.jpg,Felicidad
270.jpg,Felicidad
271.jpg,Indiferencia
272.jpg,Diversión
273.jpg,Diversión
274.jpg,Indiferencia
275.jpg,Indiferencia
276.jpg,Indiferencia
277.jpg,Curiosidad
278.jpg,Diversión
279.jpg,Indiferencia
280.jpg,Indiferencia
281.jpg,Indiferencia
282.jpg,Indiferencia
283.jpg,Curiosidad
284.jpg,Indiferencia
285.jpg,Indiferencia
286.jpg,Indiferencia
287.jpg,Indiferencia
288.jpg,Indiferencia
289.jpg,Felicidad
290.jpg,Felicidad
291.jpg,Indiferencia
292.jpg,Desagrado
293.jpg,Felicidad
294.jpg,Felicidad
295.jpg,Felicidad
296.jpg,Indiferencia
297.jpg,Indiferencia
298.jpg,Indiferencia
299.jpg,Indiferencia
300.jpg,Indiferencia
301.jpg,Felicidad
302.jpg,Indiferencia
303.jpg,Indiferencia
304.jpg,Diversión
305.jpg,Indiferencia
306.jpg,Felicidad
307.jpg,Felicidad
308.jpg,Diversión
309.jpg,Diversión
310.jpg,Indiferencia
311.jpg,Felicidad
312.jpg,Curiosidad
313.jpg,Felicidad
314.jpg,Indiferencia
315.jpg,Indiferencia
316.jpg,Diversión
317.jpg,Desagrado
318.jpg,Diversión
319.jpg,Indiferencia
320.jpg,Desagrado
321.jpg,Diversión
322.jpg,Felicidad
323.jpg,Indiferencia
324.jpg,Miedo
325.jpg,Indiferencia
326.jpg,Curiosidad
327.jpg,Diversión
328.jpg,Indiferencia
329.jpg,Diversión
330.jpg,Indiferencia
331.jpg,Felicidad
332.jpg,Indiferencia
333.jpg,Diversión
334.jpg,Curiosidad
335.jpg,Indiferencia
336.jpg,Indiferencia
337.jpg,Curiosidad
338.jpg,Felicidad
339.jpg,Indiferencia
340.jpg,Indiferencia
341.jpg,Indiferencia
342.jpg,Diversión
343.jpg,Indiferencia
344.jpg,Diversión
345.jpg,Curiosidad
346.jpg,Indiferencia
347.jpg,Indiferencia
348.jpg,Desagrado
349.jpg,Felicidad
350.jpg,Indiferencia
351.jpg,Indiferencia
352.jpg,Desagrado
353.jpg,Diversión
354.jpg,Felicidad
355.jpg,Diversión
356.jpg,Indiferencia
357.jpg,Diversión
358.jpg,Indiferencia
359.jpg,Felicidad
360.jpg,Felicidad
361.jpg,Indiferencia
362.jpg,Felicidad
363.jpg,Indiferencia
364.jpg,Felicidad
365.jpg,Indiferencia
366.jpg,Felicidad
367.jpg,Diversión
368.jpg,Felicidad
369.jpg,Indiferencia
370.jpg,Indiferencia
371.jpg,Indiferencia
372.jpg,Diversión
373.jpg,Felicidad
374.jpg,Indiferencia
375.jpg,Felicidad
376.jpg,Curiosidad
377.jpg,Felicidad
378.jpg,Diversión
379.jpg,Diversión
380.jpg,Diversión
381.jpg,Indiferencia
382.jpg,Diversión
383.jpg,Curiosidad
384.jpg,Diversión
385.jpg,Indiferencia
386.jpg,Felicidad
387.jpg,Indiferencia
388.jpg,Diversión
389.jpg,Indiferencia
390.jpg,Indiferencia
391.jpg,Indiferencia
392.jpg,Indiferencia
393.jpg,Indiferencia
394.jpg,Diversión
395.jpg,Indiferencia
396.jpg,Curiosidad
397.jpg,Felicidad
398.jpg,Indiferencia
399.jpg,Indiferencia
400.jpg,Indiferencia
401.jpg,Curiosidad
402.jpg,Indiferencia
403.jpg,Felicidad
404.jpg,Curiosidad
405.jpg,Felicidad
406.jpg,Felicidad
407.jpg,Diversión
408.jpg,Curiosidad
409.jpg,Diversión
410.jpg,Felicidad
411.jpg,Diversión
412.jpg,Diversión
413.jpg,Curiosidad
414.jpg,Diversión
415.jpg,Felicidad
416.jpg,Indiferencia
417.jpg,Felicidad
418.jpg,Felicidad
419.jpg,Felicidad
420.jpg,Felicidad
421.jpg,Indiferencia
422.jpg,Diversión
423.jpg,Indiferencia
424.jpg,Miedo
425.jpg,Miedo
426.jpg,Felicidad
427.jpg,Felicidad
428.jpg,Felicidad
429.jpg,Felicidad
430.jpg,Indiferencia
431.jpg,Diversión
432.jpg,Felicidad
433.jpg,Indiferencia
434.jpg,Indiferencia
435.jpg,Curiosidad
436.jpg,Indiferencia
437.jpg,Felicidad
438.jpg,Indiferencia
439.jpg,Diversión
440.jpg,Diversión
441.jpg,Felicidad
442.jpg,Felicidad
443.jpg,Curiosidad
444.jpg,Indiferencia
445.jpg,Indiferencia
446.jpg,Indiferencia
447.jpg,Curiosidad
448.jpg,Indiferencia
449.jpg,Felicidad
450.jpg,Miedo
451.jpg,Diversión
452.jpg,Indiferencia
453.jpg,Felicidad
454.jpg,Felicidad
455.jpg,Felicidad
456.jpg,Felicidad
457.jpg,Felicidad
458.jpg,Felicidad
459.jpg,Felicidad
460.jpg,Curiosidad
461.jpg,Desagrado
462.jpg,Desagrado
463.jpg,Diversión
464.jpg,Indiferencia
465.jpg,Felicidad
466.jpg,Felicidad
467.jpg,Curiosidad
468.jpg,Diversión
469.jpg,Felicidad
470.jpg,Felicidad
471.jpg,Miedo
472.jpg,Felicidad
473.jpg,Indiferencia
474.jpg,Diversión
475.jpg,Diversión
476.jpg,Curiosidad
477.jpg,Felicidad
478.jpg,Felicidad
479.jpg,Felicidad
480.jpg,Desagrado
481.jpg,Felicidad
482.jpg,Indiferencia
483.jpg,Diversión
484.jpg,Curiosidad
485.jpg,Indiferencia
486.jpg,Diversión
487.jpg,Diversión
488.jpg,Diversión
489.jpg,Felicidad
490.jpg,Felicidad
491.jpg,Felicidad
492.jpg,Desagrado
493.jpg,Diversión
494.jpg,Diversión
495.jpg,Curiosidad
496.jpg,Felicidad
497.jpg,Diversión
498.jpg,Felicidad
499.jpg,Curiosidad
500.jpg,Felicidad
501.jpg,Felicidad 
502.jpg,Indiferencia﻿
503.jpg,Curiosidad
504.jpg,Felicidad 
505.jpg,Indiferencia﻿
506.jpg,Indiferencia﻿
507.jpg,Diversión
508.jpg,Curiosidad
509.jpg,Indiferencia﻿
510.jpg,Indiferencia﻿
511.jpg,Indiferencia﻿
512.jpg,Indiferencia﻿
513.jpg,Diversión
514.jpg,Diversión
515.jpg,Indiferencia﻿
516.jpg,Felicidad 
517.jpg,Felicidad 
518.jpg,Curiosidad
519.jpg,Diversión
520.jpg,Indiferencia﻿
521.jpg,Indiferencia﻿
522.jpg,Curiosidad
523.jpg,Indiferencia﻿
524.jpg,Felicidad 
525.jpg,Felicidad 
526.jpg,Indiferencia﻿
527.jpg,Indiferencia﻿
528.jpg,Diversión
529.jpg,Curiosidad
530.jpg,Felicidad 
531.jpg,Indiferencia﻿
532.jpg,Desagrado
533.jpg,Felicidad 
534.jpg,Indiferencia﻿
535.jpg,Diversión
536.jpg,Diversión
537.jpg,Indiferencia﻿
538.jpg,Felicidad 
539.jpg,Indiferencia﻿
540.jpg,Indiferencia﻿
541.jpg,Curiosidad
542.jpg,Diversión
543.jpg,Felicidad 
544.jpg,Diversión
545.jpg,Curiosidad
546.jpg,Indiferencia﻿
547.jpg,Indiferencia﻿
548.jpg,Indiferencia﻿
549.jpg,Diversión
550.jpg,Curiosidad
551.jpg,Indiferencia﻿
552.jpg,Felicidad
553.jpg,Diversión
554.jpg,Felicidad 
555.jpg,Indiferencia﻿
556.jpg,Curiosidad
557.jpg,Diversión
558.jpg,Indiferencia﻿
559.jpg,Indiferencia﻿
560.jpg,Indiferencia﻿
561.jpg,Curiosidad
562.jpg,Felicidad 
563.jpg,Felicidad 
564.jpg,Felicidad 
565.jpg,Felicidad 
566.jpg,Indiferencia﻿
567.jpg,Felicidad 
568.jpg,Indiferencia﻿
569.jpg,Diversión
570.jpg,Diversión
571.jpg,Indiferencia﻿
572.jpg,Diversión
573.jpg,Diversión
574.jpg,Curiosidad
575.jpg,Indiferencia﻿
576.jpg,Indiferencia﻿
577.jpg,Diversión
578.jpg,Indiferencia﻿
579.jpg,Diversión
580.jpg,Indiferencia﻿
581.jpg,Diversión
582.jpg,Indiferencia﻿
583.jpg,Felicidad 
584.jpg,Felicidad
585.jpg,Diversión
586.jpg,Felicidad 
587.jpg,Diversión
588.jpg,Indiferencia﻿
589.jpg,Indiferencia﻿
590.jpg,Indiferencia﻿
591.jpg,Curiosidad
592.jpg,Indiferencia﻿
593.jpg,Indiferencia﻿
594.jpg,Diversión
595.jpg,Felicidad
596.jpg,Felicidad 
597.jpg,Diversión
598.jpg,Felicidad 
599.jpg,Curiosidad
600.jpg,Curiosidad
601.jpg,Curiosidad
602.jpg,Felicidad 
603.jpg,Indiferencia﻿
604.jpg,Indiferencia﻿
605.jpg,Indiferencia﻿
606.jpg,Indiferencia﻿
607.jpg,Indiferencia﻿
608.jpg,Desagrado
609.jpg,Desagrado
610.jpg,Indiferencia﻿
611.jpg,Indiferencia﻿
612.jpg,Felicidad 
613.jpg,Felicidad 
614.jpg,Curiosidad
615.jpg,Indiferencia﻿
616.jpg,Indiferencia﻿
617.jpg,Indiferencia﻿
618.jpg,Felicidad 
619.jpg,Indiferencia﻿
620.jpg,Felicidad 
621.jpg,Desagrado
622.jpg,Indiferencia﻿
623.jpg,Indiferencia﻿
624.jpg,Diversión
625.jpg,Indiferencia﻿
626.jpg,Indiferencia﻿
627.jpg,Diversión
628.jpg,Indiferencia﻿
629.jpg,Desagrado
630.jpg,Diversión
631.jpg,Indiferencia﻿
632.jpg,Felicidad 
633.jpg,Indiferencia﻿
634.jpg,Indiferencia﻿
635.jpg,Indiferencia﻿
636.jpg,Desagrado
637.jpg,Diversión
638.jpg,Felicidad 
639.jpg,Indiferencia﻿
640.jpg,Indiferencia﻿
641.jpg,Indiferencia﻿
642.jpg,Felicidad 
643.jpg,Indiferencia﻿
644.jpg,Indiferencia﻿
645.jpg,Curiosidad
646.jpg,Desagrado
647.jpg,Indiferencia﻿
648.jpg,Curiosidad
649.jpg,Diversión
650.jpg,Felicidad 
651.jpg,Indiferencia﻿
652.jpg,Felicidad 
653.jpg,Desagrado
654.jpg,Felicidad 
655.jpg,Curiosidad
656.jpg,Desagrado
657.jpg,Indiferencia﻿
658.jpg,Felicidad
659.jpg,Diversión
660.jpg,Indiferencia﻿
661.jpg,Indiferencia﻿
662.jpg,Curiosidad
663.jpg,Felicidad 
664.jpg,Curiosidad
665.jpg,Indiferencia﻿
666.jpg,Indiferencia﻿
667.jpg,Indiferencia﻿
668.jpg,Felicidad 
669.jpg,Indiferencia﻿
670.jpg,Indiferencia﻿
671.jpg,Desagrado
672.jpg,Diversión
673.jpg,Indiferencia﻿
674.jpg,Indiferencia﻿
675.jpg,Felicidad 
676.jpg,Indiferencia﻿
677.jpg,Diversión
678.jpg,Felicidad 
679.jpg,Indiferencia﻿
680.jpg,Felicidad 
681.jpg,Indiferencia﻿
682.jpg,Indiferencia﻿
683.jpg,Diversión
684.jpg,Tristeza
685.jpg,Indiferencia﻿
686.jpg,Felicidad 
687.jpg,Diversión
688.jpg,Indiferencia﻿
689.jpg,Indiferencia﻿
690.jpg,Diversión
691.jpg,Curiosidad
692.jpg,Felicidad 
693.jpg,Indiferencia﻿
694.jpg,Diversión
695.jpg,Curiosidad
696.jpg,Felicidad 
697.jpg,Indiferencia﻿
698.jpg,Felicidad 
699.jpg,Diversión
700.jpg,Felicidad 
701.jpg,Indiferencia﻿
702.jpg,Felicidad 
703.jpg,Felicidad 
704.jpg,Felicidad 
705.jpg,Indiferencia﻿
706.jpg,Felicidad 
707.jpg,Indiferencia﻿
708.jpg,Felicidad 
709.jpg,Felicidad 
710.jpg,Felicidad 
711.jpg,Indiferencia﻿
712.jpg,Felicidad 
713.jpg,Curiosidad
714.jpg,Indiferencia﻿
715.jpg,Felicidad 
716.jpg,Curiosidad
717.jpg,Indiferencia﻿
718.jpg,Indiferencia﻿
719.jpg,Diversión
720.jpg,Indiferencia﻿
721.jpg,Felicidad 
722.jpg,Diversión
723.jpg,Diversión
724.jpg,Curiosidad
725.jpg,Felicidad 
726.jpg,Diversión
727.jpg,Indiferencia﻿
728.jpg,Indiferencia﻿
729.jpg,Indiferencia﻿
730.jpg,Felicidad 
731.jpg,Indiferencia﻿
732.jpg,Felicidad 
733.jpg,Felicidad 
734.jpg,Diversión
735.jpg,Diversión
736.jpg,Diversión
737.jpg,Indiferencia﻿
738.jpg,Desagrado
739.jpg,Indiferencia﻿
740.jpg,Indiferencia﻿
741.jpg,Indiferencia﻿
742.jpg,Felicidad 
743.jpg,Indiferencia﻿
744.jpg,Indiferencia﻿
745.jpg,Indiferencia﻿
746.jpg,Indiferencia﻿
747.jpg,Felicidad 
748.jpg,Felicidad 
749.jpg,Curiosidad
750.jpg,Curiosidad
751.jpg,Felicidad 
752.jpg,Felicidad 
753.jpg,Indiferencia﻿
754.jpg,Felicidad 
755.jpg,Indiferencia﻿
756.jpg,Felicidad 
757.jpg,Felicidad 
758.jpg,Indiferencia﻿
759.jpg,Indiferencia﻿
760.jpg,Indiferencia﻿
761.jpg,Felicidad 
762.jpg,Indiferencia﻿
763.jpg,Felicidad 
764.jpg,Felicidad 
765.jpg,Indiferencia﻿
766.jpg,Felicidad 
767.jpg,Felicidad 
768.jpg,Indiferencia﻿
769.jpg,Indiferencia﻿
770.jpg,Indiferencia﻿
771.jpg,Diversión
772.jpg,Diversión
773.jpg,Diversión
774.jpg,Indiferencia﻿
775.jpg,Indiferencia﻿
776.jpg,Felicidad 
777.jpg,Felicidad 
778.jpg,Indiferencia﻿
779.jpg,Indiferencia﻿
780.jpg,Indiferencia﻿
781.jpg,Curiosidad
782.jpg,Indiferencia﻿
783.jpg,Felicidad 
784.jpg,Felicidad 
785.jpg,Indiferencia﻿
786.jpg,Indiferencia﻿
787.jpg,Indiferencia﻿
788.jpg,Felicidad 
789.jpg,Indiferencia﻿
790.jpg,Indiferencia﻿
791.jpg,Indiferencia﻿
792.jpg,Indiferencia﻿
793.jpg,Felicidad 
794.jpg,Diversión 
795.jpg,Felicidad 
796.jpg,Indiferencia﻿
797.jpg,Curiosidad
798.jpg,Felicidad 
799.jpg,Felicidad 
800.jpg,Indiferencia﻿
801.jpg,Indiferencia﻿
802.jpg,Felicidad 
803.jpg,Felicidad 
804.jpg,Desagrado
805.jpg,Diversión
806.jpg,Felicidad 
807.jpg,Indiferencia﻿
808.jpg,Indiferencia﻿
809.jpg,Indiferencia﻿
810.jpg,Felicidad 
811.jpg,Diversión
812.jpg,Indiferencia﻿
813.jpg,Diversión
814.jpg,Diversión
815.jpg,Indiferencia﻿
816.jpg,Felicidad 
817.jpg,Indiferencia﻿
818.jpg,Felicidad 
819.jpg,Indiferencia﻿
820.jpg,Diversión
821.jpg,Felicidad 
822.jpg,Indiferencia﻿
823.jpg,Curiosidad
824.jpg,Felicidad 
825.jpg,Indiferencia﻿
826.jpg,Indiferencia﻿
827.jpg,Indiferencia﻿
828.jpg,Felicidad 
829.jpg,Indiferencia﻿
830.jpg,Diversión
831.jpg,Indiferencia﻿
832.jpg,Felicidad 
833.jpg,Indiferencia﻿
834.jpg,Indiferencia﻿
835.jpg,Indiferencia﻿
836.jpg,Tristeza
837.jpg,Curiosidad
838.jpg,Felicidad 
839.jpg,Felicidad 
840.jpg,Indiferencia﻿
841.jpg,Indiferencia﻿
842.jpg,Indiferencia﻿
843.jpg,Indiferencia﻿
844.jpg,Felicidad 
845.jpg,Felicidad 
846.jpg,Indiferencia﻿
847.jpg,Indiferencia﻿
848.jpg,Felicidad
849.jpg,Felicidad 
850.jpg,Indiferencia﻿
851.jpg,Indiferencia﻿
852.jpg,Indiferencia﻿
853.jpg,Felicidad 
854.jpg,Felicidad 
855.jpg,Indiferencia﻿
856.jpg,Felicidad 
857.jpg,Felicidad 
858.jpg,Indiferencia﻿
859.jpg,Indiferencia﻿
860.jpg,Desagrado
861.jpg,Indiferencia﻿
862.jpg,Indiferencia﻿
863.jpg,Diversión
864.jpg,Indiferencia﻿
865.jpg,Curiosidad
866.jpg,Felicidad 
867.jpg,Indiferencia﻿
868.jpg,Indiferencia﻿
869.jpg,Curiosidad
870.jpg,Felicidad 
871.jpg,Felicidad 
872.jpg,Curiosidad
873.jpg,Desagrado
874.jpg,Indiferencia﻿
875.jpg,Miedo
876.jpg,Indiferencia﻿
877.jpg,Curiosidad
878.jpg,Felicidad 
879.jpg,Indiferencia﻿
880.jpg,Felicidad 
881.jpg,Indiferencia﻿
882.jpg,Felicidad 
883.jpg,Felicidad 
884.jpg,Felicidad 
885.jpg,Indiferencia﻿
886.jpg,Indiferencia﻿
887.jpg,Felicidad 
888.jpg,Felicidad 
889.jpg,Felicidad 
890.jpg,Indiferencia﻿
891.jpg,Indiferencia﻿
892.jpg,Indiferencia﻿
893.jpg,Indiferencia﻿
894.jpg,Felicidad 
895.jpg,Felicidad 
896.jpg,Miedo
897.jpg,Felicidad 
898.jpg,Diversión
899.jpg,Felicidad 
900.jpg,Indiferencia﻿
901.jpg,Felicidad 
902.jpg,Indiferencia﻿
903.jpg,Indiferencia﻿
904.jpg,Felicidad 
905.jpg,Indiferencia﻿
906.jpg,Felicidad 
907.jpg,Indiferencia﻿
908.jpg,Felicidad 
909.jpg,Felicidad 
910.jpg,Indiferencia﻿
911.jpg,Indiferencia﻿
912.jpg,Indiferencia﻿
913.jpg,Diversión 
914.jpg,Indiferencia﻿
915.jpg,Indiferencia﻿
916.jpg,Felicidad 
917.jpg,Indiferencia﻿
918.jpg,Indiferencia﻿
919.jpg,Felicidad 
920.jpg,Indiferencia﻿
921.jpg,Indiferencia﻿
922.jpg,Indiferencia﻿
923.jpg,Indiferencia﻿
924.jpg,Diversión
925.jpg,Diversión
926.jpg,Indiferencia﻿
927.jpg,Indiferencia﻿
928.jpg,Indiferencia﻿
929.jpg,Indiferencia﻿
930.jpg,Indiferencia﻿
931.jpg,Indiferencia﻿
932.jpg,Indiferencia﻿
933.jpg,Felicidad 
934.jpg,Diversión
935.jpg,Indiferencia﻿
936.jpg,Indiferencia﻿
937.jpg,Indiferencia﻿
938.jpg,Felicidad
939.jpg,Indiferencia﻿
940.jpg,Felicidad 
941.jpg,Diversión
942.jpg,Indiferencia﻿
943.jpg,Indiferencia﻿
944.jpg,Indiferencia﻿
945.jpg,Indiferencia﻿
946.jpg,Indiferencia﻿
947.jpg,Felicidad 
948.jpg,Diversión
949.jpg,Felicidad 
950.jpg,Indiferencia﻿
951.jpg,Indiferencia﻿
952.jpg,Indiferencia﻿
953.jpg,Felicidad 
954.jpg,Indiferencia﻿
955.jpg,Indiferencia﻿
956.jpg,Felicidad 
957.jpg,Felicidad 
958.jpg,Felicidad
959.jpg,Indiferencia﻿
960.jpg,Indiferencia﻿
961.jpg,Indiferencia﻿
962.jpg,Indiferencia﻿
963.jpg,Felicidad 
964.jpg,Indiferencia﻿
965.jpg,Indiferencia﻿
966.jpg,Indiferencia﻿
967.jpg,Diversión
968.jpg,Felicidad 
969.jpg,Felicidad 
970.jpg,Indiferencia﻿
971.jpg,Felicidad 
972.jpg,Indiferencia﻿
973.jpg,Indiferencia﻿
974.jpg,Felicidad 
975.jpg,Felicidad 
976.jpg,Felicidad 
977.jpg,Indiferencia﻿
978.jpg,Felicidad 
979.jpg,Felicidad 
980.jpg,Felicidad 
981.jpg,Felicidad 
982.jpg,Indiferencia﻿
983.jpg,Indiferencia﻿
984.jpg,Indiferencia﻿
985.jpg,Indiferencia﻿
986.jpg,Indiferencia﻿
987.jpg,Felicidad 
988.jpg,Indiferencia﻿
989.jpg,Indiferencia﻿
990.jpg,Felicidad 
991.jpg,Diversión
992.jpg,Indiferencia﻿
993.jpg,Felicidad 
994.jpg,Indiferencia﻿
995.jpg,Indiferencia﻿
996.jpg,Felicidad 
997.jpg,Indiferencia﻿
998.jpg,Felicidad 
999.jpg,Curiosidad
1000.jpg,Indiferencia﻿
1001.jpg,Indiferencia
1002.jpg,Indiferencia
1003.jpg,Felicidad 
1004.jpg,Felicidad 
1005.jpg,Felicidad 
1006.jpg,Curiosidad
1007.jpg,Indiferencia
1008.jpg,Felicidad 
1009.jpg,Diversión
1010.jpg,Indiferencia
1011.jpg,Diversión
1012.jpg,Curiosidad
1013.jpg,Diversión
1014.jpg,Felicidad 
1015.jpg,Curiosidad
1016.jpg,Desagrado
1017.jpg,Curiosidad
1018.jpg,Felicidad 
1019.jpg,Indiferencia
1020.jpg,Indiferencia
1021.jpg,Indiferencia
1022.jpg,Indiferencia
1023.jpg,Felicidad 
1024.jpg,Curiosidad
1025.jpg,Indiferencia
1026.jpg,Curiosidad
1027.jpg,Diversión
1028.jpg,Felicidad 
1029.jpg,Felicidad 
1030.jpg,Indiferencia
1031.jpg,Desagrado
1032.jpg,Diversión 
1033.jpg,Indiferencia
1034.jpg,Felicidad 
1035.jpg,Indiferencia
1036.jpg,Indiferencia
1037.jpg,Indiferencia
1038.jpg,Desagrado
1039.jpg,Felicidad 
1040.jpg,Felicidad 
1041.jpg,Indiferencia
1042.jpg,Curiosidad
1043.jpg,Diversión
1044.jpg,Felicidad 
1045.jpg,Felicidad 
1046.jpg,Curiosidad
1047.jpg,Felicidad 
1048.jpg,Curiosidad
1049.jpg,Diversión
1050.jpg,Indiferencia
1051.jpg,Indiferencia
1052.jpg,Indiferencia
1053.jpg,Felicidad 
1054.jpg,Indiferencia
1055.jpg,Curiosidad
1056.jpg,Indiferencia
1057.jpg,Felicidad 
1058.jpg,Curiosidad
1059.jpg,Indiferencia
1060.jpg,Indiferencia
1061.jpg,Diversión
1062.jpg,Indiferencia
1063.jpg,Felicidad
1064.jpg,Felicidad 
1065.jpg,Felicidad 
1066.jpg,Felicidad 
1067.jpg,Felicidad
1068.jpg,Diversión
1069.jpg,Diversión
1070.jpg,Felicidad 
1071.jpg,Felicidad 
1072.jpg,Indiferencia
1073.jpg,Felicidad 
1074.jpg,Indiferencia
1075.jpg,Desagrado 
1076.jpg,Diversión
1077.jpg,Indiferencia
1078.jpg,Diversión
1079.jpg,Indiferencia
1080.jpg,Felicidad 
1081.jpg,Felicidad 
1082.jpg,Felicidad 
1083.jpg,Felicidad 
1084.jpg,Felicidad 
1085.jpg,Diversión
1086.jpg,Felicidad 
1087.jpg,Diversión
1088.jpg,Felicidad 
1089.jpg,Indiferencia
1090.jpg,Diversión
1091.jpg,Diversión
1092.jpg,Felicidad 
1093.jpg,Indiferencia
1094.jpg,Indiferencia
1095.jpg,Desagrado
1096.jpg,Felicidad 
1097.jpg,Indiferencia
1098.jpg,Diversión
1099.jpg,Indiferencia
1100.jpg,Diversión
1101.jpg,Diversión
1102.jpg,Indiferencia
1103.jpg,Curiosidad
1104.jpg,Indiferencia
1105.jpg,Felicidad 
1106.jpg,Felicidad 
1107.jpg,Felicidad 
1108.jpg,Indiferencia
1109.jpg,Diversión
1110.jpg,Indiferencia
1111.jpg,Indiferencia
1112.jpg,Indiferencia
1113.jpg,Indiferencia
1114.jpg,Curiosidad
1115.jpg,Indiferencia
1116.jpg,Felicidad
1117.jpg,Felicidad 
1118.jpg,Felicidad 
1119.jpg,Felicidad 
1120.jpg,Indiferencia
1121.jpg,Indiferencia
1122.jpg,Diversión
1123.jpg,Curiosidad
1124.jpg,Diversión 
1125.jpg,Curiosidad
1126.jpg,Diversión
1127.jpg,Indiferencia
1128.jpg,Felicidad 
1129.jpg,Indiferencia
1130.jpg,Felicidad 
1131.jpg,Diversión
1132.jpg,Indiferencia
1133.jpg,Diversión 
1134.jpg,Indiferencia
1135.jpg,Diversión
1136.jpg,Indiferencia
1137.jpg,Indiferencia
1138.jpg,Felicidad
1139.jpg,Indiferencia
1140.jpg,Indiferencia
1141.jpg,Curiosidad
1142.jpg,Indiferencia
1143.jpg,Indiferencia
1144.jpg,Indiferencia
1145.jpg,Felicidad 
1146.jpg,Felicidad 
1147.jpg,Diversión 
1148.jpg,Indiferencia
1149.jpg,Felicidad 
1150.jpg,Indiferencia
1151.jpg,Felicidad 
1152.jpg,Curiosidad
1153.jpg,Indiferencia
1154.jpg,Indiferencia
1155.jpg,Curiosidad
1156.jpg,Felicidad 
1157.jpg,Diversión 
1158.jpg,Curiosidad
1159.jpg,Desagrado
1160.jpg,Indiferencia
1161.jpg,Indiferencia
1162.jpg,Curiosidad
1163.jpg,Indiferencia
1164.jpg,Felicidad 
1165.jpg,Felicidad
1166.jpg,Felicidad 
1167.jpg,Felicidad 
1168.jpg,Indiferencia
1169.jpg,Indiferencia
1170.jpg,Felicidad 
1171.jpg,Diversión
1172.jpg,Indiferencia
1173.jpg,Curiosidad
1174.jpg,Felicidad 
1175.jpg,Felicidad 
1176.jpg,Curiosidad
1177.jpg,Indiferencia
1178.jpg,Diversión
1179.jpg,Indiferencia
1180.jpg,Indiferencia
1181.jpg,Felicidad 
1182.jpg,Desagrado
1183.jpg,Curiosidad
1184.jpg,Felicidad
1185.jpg,Indiferencia
1186.jpg,Diversión 
1187.jpg,Felicidad 
1188.jpg,Desagrado
1189.jpg,Felicidad 
1190.jpg,Indiferencia
1191.jpg,Curiosidad
1192.jpg,Indiferencia
1193.jpg,Felicidad
1194.jpg,Diversión
1195.jpg,Indiferencia
1196.jpg,Indiferencia
1197.jpg,Curiosidad
1198.jpg,Curiosidad
1199.jpg,Diversión 
1200.jpg,Indiferencia
1201.jpg,Indiferencia
1202.jpg,Diversión
1203.jpg,Indiferencia
1204.jpg,Diversión
1205.jpg,Indiferencia
1206.jpg,Indiferencia
1207.jpg,Indiferencia
1208.jpg,Diversión
1209.jpg,Felicidad 
1210.jpg,Diversión
1211.jpg,Indiferencia
1212.jpg,Indiferencia
1213.jpg,Curiosidad
1214.jpg,Felicidad 
1215.jpg,Felicidad 
1216.jpg,Felicidad 
1217.jpg,Curiosidad
1218.jpg,Indiferencia
1219.jpg,Indiferencia
1220.jpg,Felicidad 
1221.jpg,Felicidad 
1222.jpg,Indiferencia
1223.jpg,Indiferencia
1224.jpg,Diversión
1225.jpg,Felicidad 
1226.jpg,Indiferencia
1227.jpg,Indiferencia
1228.jpg,Felicidad 
1229.jpg,Felicidad 
1230.jpg,Felicidad 
1231.jpg,Indiferencia
1232.jpg,Indiferencia
1233.jpg,Indiferencia
1234.jpg,Felicidad 
1235.jpg,Indiferencia
1236.jpg,Indiferencia
1237.jpg,Indiferencia
1238.jpg,Indiferencia
1239.jpg,Indiferencia
1240.jpg,Diversión
1241.jpg,Felicidad 
1242.jpg,Curiosidad
1243.jpg,Felicidad 
1244.jpg,Indiferencia
1245.jpg,Indiferencia
1246.jpg,Indiferencia
1247.jpg,Felicidad 
1248.jpg,Indiferencia
1249.jpg,Indiferencia
1250.jpg,Indiferencia
1251.jpg,Indiferencia
1252.jpg,Felicidad 
1253.jpg,Indiferencia
1254.jpg,Felicidad 
1255.jpg,Indiferencia
1256.jpg,Felicidad 
1257.jpg,Indiferencia
1258.jpg,Indiferencia
1259.jpg,Indiferencia
1260.jpg,Indiferencia
1261.jpg,Felicidad 
1262.jpg,Desagrado
1263.jpg,Indiferencia
1264.jpg,Indiferencia
1265.jpg,Indiferencia
1266.jpg,Felicidad
1267.jpg,Indiferencia
1268.jpg,Indiferencia
1269.jpg,Indiferencia
1270.jpg,Felicidad 
1271.jpg,Diversión
1272.jpg,Felicidad 
1273.jpg,Indiferencia
1274.jpg,Diversión 
1275.jpg,Indiferencia
1276.jpg,Curiosidad
1277.jpg,Felicidad 
1278.jpg,Indiferencia
1279.jpg,Indiferencia
1280.jpg,Curiosidad
1281.jpg,Felicidad 
1282.jpg,Felicidad 
1283.jpg,Indiferencia
1284.jpg,Felicidad 
1285.jpg,Indiferencia
1286.jpg,Indiferencia
1287.jpg,Indiferencia
1288.jpg,Indiferencia
1289.jpg,Diversión
1290.jpg,Indiferencia
1291.jpg,Indiferencia
1292.jpg,Tristeza
1293.jpg,Diversión
1294.jpg,Indiferencia
1295.jpg,Felicidad 
1296.jpg,Indiferencia
1297.jpg,Felicidad 
1298.jpg,Felicidad 
1299.jpg,Indiferencia
1300.jpg,Indiferencia
1301.jpg,Indiferencia
1302.jpg,Felicidad 
1303.jpg,Curiosidad
1304.jpg,Diversión
1305.jpg,Curiosidad
1306.jpg,Felicidad 
1307.jpg,Indiferencia
1308.jpg,Felicidad 
1309.jpg,Indiferencia
1310.jpg,Indiferencia
1311.jpg,Diversión
1312.jpg,Indiferencia
1313.jpg,Indiferencia
1314.jpg,Felicidad 
1315.jpg,Felicidad
1316.jpg,Felicidad
1317.jpg,Indiferencia
1318.jpg,Diversión
1319.jpg,Felicidad 
1320.jpg,Curiosidad
1321.jpg,Felicidad 
1322.jpg,Felicidad 
1323.jpg,Diversión
1324.jpg,Felicidad 
1325.jpg,Indiferencia
1326.jpg,Diversión 
1327.jpg,Felicidad 
1328.jpg,Felicidad 
1329.jpg,Indiferencia
1330.jpg,Curiosidad
1331.jpg,Indiferencia
1332.jpg,Felicidad 
1333.jpg,Indiferencia
1334.jpg,Desagrado
1335.jpg,Indiferencia
1336.jpg,Felicidad 
1337.jpg,Felicidad 
1338.jpg,Felicidad 
1339.jpg,Felicidad 
1340.jpg,Felicidad 
1341.jpg,Indiferencia
1342.jpg,Indiferencia
1343.jpg,Indiferencia
1344.jpg,Felicidad 
1345.jpg,Indiferencia
1346.jpg,Indiferencia
1347.jpg,Felicidad 
1348.jpg,Diversión
1349.jpg,Curiosidad
1350.jpg,Indiferencia
1351.jpg,Felicidad 
1352.jpg,Diversión 
1353.jpg,Felicidad 
1354.jpg,Felicidad 
1355.jpg,Indiferencia
1356.jpg,Felicidad 
1357.jpg,Diversión 
1358.jpg,Indiferencia
1359.jpg,Indiferencia
1360.jpg,Felicidad
1361.jpg,Felicidad 
1362.jpg,Indiferencia
1363.jpg,Felicidad 
1364.jpg,Indiferencia
1365.jpg,Felicidad 
1366.jpg,Diversión
1367.jpg,Diversión
1368.jpg,Indiferencia
1369.jpg,Curiosidad
1370.jpg,Indiferencia
1371.jpg,Felicidad
1372.jpg,Felicidad
1373.jpg,Felicidad 
1374.jpg,Diversión 
1375.jpg,Diversión
1376.jpg,Felicidad 
1377.jpg,Diversión 
1378.jpg,Curiosidad
1379.jpg,Diversión
1380.jpg,Indiferencia
1381.jpg,Felicidad 
1382.jpg,Indiferencia
1383.jpg,Indiferencia
1384.jpg,Felicidad 
1385.jpg,Diversión
1386.jpg,Indiferencia
1387.jpg,Desagrado
1388.jpg,Curiosidad
1389.jpg,Indiferencia
1390.jpg,Indiferencia
1391.jpg,Indiferencia
1392.jpg,Felicidad
1393.jpg,Felicidad 
1394.jpg,Desagrado
1395.jpg,Indiferencia
1396.jpg,Diversión
1397.jpg,Felicidad 
1398.jpg,Indiferencia
1399.jpg,Indiferencia
1400.jpg,Felicidad 
1401.jpg,Indiferencia
1402.jpg,Indiferencia
1403.jpg,Felicidad 
1404.jpg,Felicidad 
1405.jpg,Indiferencia
1406.jpg,Felicidad 
1407.jpg,Tristeza
1408.jpg,Indiferencia
1409.jpg,Diversión
1410.jpg,Felicidad 
1411.jpg,Curiosidad
1412.jpg,Indiferencia
1413.jpg,Indiferencia
1414.jpg,Curiosidad
1415.jpg,Diversión
1416.jpg,Indiferencia
1417.jpg,Desagrado
1418.jpg,Felicidad 
1419.jpg,Diversión
1420.jpg,Felicidad 
1421.jpg,Indiferencia
1422.jpg,Felicidad 
1423.jpg,Indiferencia
1424.jpg,Indiferencia
1425.jpg,Felicidad 
1426.jpg,Felicidad 
1427.jpg,Felicidad
1428.jpg,Diversión
1429.jpg,Felicidad 
1430.jpg,Felicidad 
1431.jpg,Indiferencia
1432.jpg,Indiferencia
1433.jpg,Indiferencia
1434.jpg,Felicidad 
1435.jpg,Felicidad 
1436.jpg,Felicidad 
1437.jpg,Curiosidad
1438.jpg,Indiferencia
1439.jpg,Miedo
1440.jpg,Indiferencia
1441.jpg,Indiferencia
1442.jpg,Felicidad 
1443.jpg,Indiferencia
1444.jpg,Felicidad 
1445.jpg,Indiferencia
1446.jpg,Curiosidad
1447.jpg,Felicidad 
1448.jpg,Felicidad 
1449.jpg,Felicidad 
1450.jpg,Felicidad 
1451.jpg,Felicidad 
1452.jpg,Felicidad 
1453.jpg,Indiferencia
1454.jpg,Felicidad 
1455.jpg,Felicidad 
1456.jpg,Felicidad 
1457.jpg,Indiferencia
1458.jpg,Indiferencia
1459.jpg,Indiferencia
1460.jpg,Diversión
1461.jpg,Diversión
1462.jpg,Indiferencia
1463.jpg,Indiferencia
1464.jpg,Felicidad 
1465.jpg,Indiferencia
1466.jpg,Indiferencia
1467.jpg,Indiferencia
1468.jpg,Felicidad 
1469.jpg,Diversión
1470.jpg,Indiferencia
1471.jpg,Felicidad 
1472.jpg,Felicidad 
1473.jpg,Felicidad 
1474.jpg,Diversión
1475.jpg,Indiferencia
1476.jpg,Diversión
1477.jpg,Felicidad 
1478.jpg,Indiferencia
1479.jpg,Indiferencia
1480.jpg,Indiferencia
1481.jpg,Felicidad 
1482.jpg,Felicidad 
1483.jpg,Felicidad 
1484.jpg,Felicidad 
1485.jpg,Felicidad 
1486.jpg,Indiferencia
1487.jpg,Indiferencia
1488.jpg,Diversión
1489.jpg,Felicidad 
1490.jpg,Felicidad 
1491.jpg,Felicidad 
1492.jpg,Indiferencia
1493.jpg,Felicidad 
1494.jpg,Indiferencia
1495.jpg,Indiferencia
1496.jpg,Curiosidad
1497.jpg,Indiferencia
1498.jpg,Felicidad 
1499.jpg,Indiferencia
1500.jpg,Felicidad 
1501.jpg,Curiosidad
1502.jpg,Felicidad
1503.jpg,Diversión
1504.jpg,Indiferencia
1505.jpg,Felicidad
1506.jpg,Curiosidad
1507.jpg,Diversión
1508.jpg,Indiferencia
1509.jpg,Felicidad
1510.jpg,Indiferencia
1511.jpg,Indiferencia
1512.jpg,Indiferencia
1513.jpg,Desagrado
1514.jpg,Indiferencia
1515.jpg,Felicidad
1516.jpg,Curiosidad
1517.jpg,Felicidad
1518.jpg,Felicidad
1519.jpg,Indiferencia
1520.jpg,Indiferencia
1521.jpg,Felicidad
1522.jpg,Curiosidad
1523.jpg,Indiferencia
1524.jpg,Diversión 
1525.jpg,Felicidad
1526.jpg,Indiferencia
1527.jpg,Curiosidad
1528.jpg,Curiosidad
1529.jpg,Indiferencia
1530.jpg,Felicidad
1531.jpg,Felicidad
1532.jpg,Curiosidad
1533.jpg,Indiferencia
1534.jpg,Felicidad
1535.jpg,Curiosidad
1536.jpg,Felicidad
1537.jpg,Felicidad
1538.jpg,Felicidad
1539.jpg,Felicidad
1540.jpg,Felicidad
1541.jpg,Felicidad
1542.jpg,Felicidad
1543.jpg,Indiferencia
1544.jpg,Indiferencia
1545.jpg,Felicidad
1546.jpg,Indiferencia
1547.jpg,Indiferencia
1548.jpg,Felicidad
1549.jpg,Diversión
1550.jpg,Indiferencia
1551.jpg,Indiferencia
1552.jpg,Felicidad
1553.jpg,Diversión
1554.jpg,Indiferencia
1555.jpg,Curiosidad
1556.jpg,Diversión
1557.jpg,Curiosidad
1558.jpg,Indiferencia
1559.jpg,Felicidad
1560.jpg,Felicidad
1561.jpg,Indiferencia
1562.jpg,Indiferencia
1563.jpg,Felicidad
1564.jpg,Felicidad
1565.jpg,Felicidad
1566.jpg,Indiferencia
1567.jpg,Felicidad
1568.jpg,Indiferencia
1569.jpg,Felicidad
1570.jpg,Felicidad
1571.jpg,Indiferencia
1572.jpg,Curiosidad
1573.jpg,Felicidad
1574.jpg,Indiferencia
1575.jpg,Curiosidad
1576.jpg,Curiosidad
1577.jpg,Indiferencia
1578.jpg,Felicidad
1579.jpg,Indiferencia
1580.jpg,Indiferencia
1581.jpg,Felicidad
1582.jpg,Felicidad
1583.jpg,Felicidad
1584.jpg,Diversión
1585.jpg,Indiferencia
1586.jpg,Felicidad
1587.jpg,Curiosidad
1588.jpg,Felicidad
1589.jpg,Felicidad
1590.jpg,Felicidad
1591.jpg,Curiosidad
1592.jpg,Felicidad
1593.jpg,Felicidad
1594.jpg,Felicidad
1595.jpg,Felicidad
1596.jpg,Indiferencia
1597.jpg,Felicidad
1598.jpg,Miedo
1599.jpg,Diversión
1600.jpg,Felicidad
1601.jpg,Felicidad
1602.jpg,Felicidad
1603.jpg,Indiferencia
1604.jpg,Diversión 
1605.jpg,Diversión
1606.jpg,Curiosidad
1607.jpg,Indiferencia
1608.jpg,Diversión
1609.jpg,Curiosidad
1610.jpg,Diversión
1611.jpg,Curiosidad
1612.jpg,Indiferencia
1613.jpg,Diversión
1614.jpg,Felicidad
1615.jpg,Curiosidad
1616.jpg,Felicidad
1617.jpg,Diversión 
1618.jpg,Felicidad
1619.jpg,Felicidad
1620.jpg,Curiosidad
1621.jpg,Felicidad
1622.jpg,Diversión
1623.jpg,Felicidad
1624.jpg,Felicidad
1625.jpg,Diversión
1626.jpg,Diversión
1627.jpg,Curiosidad
1628.jpg,Diversión
1629.jpg,Felicidad
1630.jpg,Miedo
1631.jpg,Felicidad
1632.jpg,Diversión 
1633.jpg,Felicidad
1634.jpg,Indiferencia
1635.jpg,Indiferencia
1636.jpg,Felicidad
1637.jpg,Indiferencia
1638.jpg,Felicidad
1639.jpg,Felicidad
1640.jpg,Felicidad
1641.jpg,Felicidad
1642.jpg,Curiosidad
1643.jpg,Felicidad
1644.jpg,Felicidad
1645.jpg,Felicidad
1646.jpg,Felicidad
1647.jpg,Diversión
1648.jpg,Curiosidad
1649.jpg,Curiosidad
1650.jpg,Indiferencia
1651.jpg,Felicidad
1652.jpg,Indiferencia
1653.jpg,Curiosidad
1654.jpg,Felicidad
1655.jpg,Felicidad
1656.jpg,Felicidad
1657.jpg,Felicidad
1658.jpg,Felicidad
1659.jpg,Felicidad
1660.jpg,Miedo
1661.jpg,Diversión
1662.jpg,Felicidad
1663.jpg,Curiosidad
1664.jpg,Indiferencia
1665.jpg,Indiferencia
1666.jpg,Felicidad
1667.jpg,Felicidad
1668.jpg,Indiferencia
1669.jpg,Felicidad
1670.jpg,Felicidad
1671.jpg,Felicidad
1672.jpg,Felicidad
1673.jpg,Felicidad
1674.jpg,Felicidad
1675.jpg,Indiferencia
1676.jpg,Diversión
1677.jpg,Curiosidad
1678.jpg,Indiferencia
1679.jpg,Felicidad
1680.jpg,Diversión
1681.jpg,Felicidad
1682.jpg,Diversión
1683.jpg,Desagrado
1684.jpg,Felicidad
1685.jpg,Felicidad
1686.jpg,Indiferencia
1687.jpg,Felicidad
1688.jpg,Curiosidad
1689.jpg,Indiferencia
1690.jpg,Diversión
1691.jpg,Felicidad
1692.jpg,Diversión
1693.jpg,Indiferencia
1694.jpg,Indiferencia
1695.jpg,Indiferencia
1696.jpg,Diversión
1697.jpg,Diversión
1698.jpg,Felicidad
1699.jpg,Curiosidad
1700.jpg,Indiferencia
1701.jpg,Indiferencia
1702.jpg,Felicidad
1703.jpg,Indiferencia
1704.jpg,Indiferencia
1705.jpg,Felicidad
1706.jpg,Felicidad
1707.jpg,Miedo
1708.jpg,Indiferencia
1709.jpg,Indiferencia
1710.jpg,Felicidad
1711.jpg,Diversión
1712.jpg,Indiferencia
1713.jpg,Diversión
1714.jpg,Indiferencia
1715.jpg,Felicidad
1716.jpg,Indiferencia
1717.jpg,Diversión
1718.jpg,Felicidad
1719.jpg,Felicidad
1720.jpg,Diversión
1721.jpg,Indiferencia
1722.jpg,Indiferencia
1723.jpg,Indiferencia
1724.jpg,Felicidad
1725.jpg,Indiferencia
1726.jpg,Indiferencia
1727.jpg,Felicidad
1728.jpg,Diversión
1729.jpg,Indiferencia
1730.jpg,Curiosidad
1731.jpg,Indiferencia
1732.jpg,Diversión
1733.jpg,Indiferencia
1734.jpg,Indiferencia
1735.jpg,Indiferencia
1736.jpg,Indiferencia
1737.jpg,Felicidad
1738.jpg,Felicidad
1739.jpg,Felicidad
1740.jpg,Indiferencia
1741.jpg,Felicidad
1742.jpg,Curiosidad
1743.jpg,Indiferencia
1744.jpg,Indiferencia
1745.jpg,Indiferencia
1746.jpg,Felicidad
1747.jpg,Indiferencia
1748.jpg,Indiferencia
1749.jpg,Felicidad
1750.jpg,Diversión
1751.jpg,Indiferencia
1752.jpg,Indiferencia
1753.jpg,Miedo
1754.jpg,Indiferencia
1755.jpg,Indiferencia
1756.jpg,Indiferencia
1757.jpg,Indiferencia
1758.jpg,Felicidad
1759.jpg,Diversión
1760.jpg,Diversión
1761.jpg,Diversión
1762.jpg,Felicidad
1763.jpg,Indiferencia
1764.jpg,Indiferencia
1765.jpg,Felicidad
1766.jpg,Indiferencia
1767.jpg,Felicidad
1768.jpg,Felicidad
1769.jpg,Felicidad
1770.jpg,Felicidad
1771.jpg,Felicidad
1772.jpg,Indiferencia
1773.jpg,Indiferencia
1774.jpg,Felicidad
1775.jpg,Diversión
1776.jpg,Indiferencia
1777.jpg,Felicidad
1778.jpg,Indiferencia
1779.jpg,Felicidad
1780.jpg,Felicidad
1781.jpg,Indiferencia
1782.jpg,Indiferencia
1783.jpg,Indiferencia
1784.jpg,Indiferencia
1785.jpg,Diversión
1786.jpg,Indiferencia
1787.jpg,Indiferencia
1788.jpg,Diversión
1789.jpg,Felicidad
1790.jpg,Felicidad
1791.jpg,Diversión
1792.jpg,Indiferencia
1793.jpg,Indiferencia
1794.jpg,Felicidad
1795.jpg,Indiferencia
1796.jpg,Felicidad
1797.jpg,Felicidad
1798.jpg,Felicidad
1799.jpg,Indiferencia
1800.jpg,Indiferencia
1801.jpg,Indiferencia
1802.jpg,Indiferencia
1803.jpg,Felicidad
1804.jpg,Felicidad
1805.jpg,Miedo
1806.jpg,Miedo
1807.jpg,Indiferencia
1808.jpg,Felicidad
1809.jpg,Indiferencia
1810.jpg,Felicidad
1811.jpg,Indiferencia
1812.jpg,Indiferencia
1813.jpg,Felicidad
1814.jpg,Felicidad
1815.jpg,Felicidad
1816.jpg,Felicidad
1817.jpg,Desagrado
1818.jpg,Tristeza
1819.jpg,Indiferencia
1820.jpg,Indiferencia
1821.jpg,Indiferencia
1822.jpg,Indiferencia
1823.jpg,Indiferencia
1824.jpg,Felicidad
1825.jpg,Curiosidad
1826.jpg,Indiferencia
1827.jpg,Indiferencia
1828.jpg,Felicidad
1829.jpg,Felicidad
1830.jpg,Curiosidad
1831.jpg,Tristeza
1832.jpg,Curiosidad
1833.jpg,Desagrado
1834.jpg,Indiferencia
1835.jpg,Felicidad
1836.jpg,Felicidad
1837.jpg,Felicidad
1838.jpg,Indiferencia
1839.jpg,Felicidad
1840.jpg,Felicidad
1841.jpg,Diversión 
1842.jpg,Felicidad
1843.jpg,Felicidad
1844.jpg,Felicidad
1845.jpg,Felicidad
1846.jpg,Felicidad
1847.jpg,Diversión 
1848.jpg,Indiferencia
1849.jpg,Felicidad
1850.jpg,Indiferencia
1851.jpg,Felicidad
1852.jpg,Tristeza
1853.jpg,Indiferencia
1854.jpg,Diversión
1855.jpg,Indiferencia
1856.jpg,Indiferencia
1857.jpg,Felicidad
1858.jpg,Felicidad
1859.jpg,Felicidad
1860.jpg,Diversión
1861.jpg,Felicidad
1862.jpg,Felicidad
1863.jpg,Indiferencia
1864.jpg,Diversión
1865.jpg,Felicidad
1866.jpg,Felicidad
1867.jpg,Indiferencia
1868.jpg,Felicidad
1869.jpg,Desagrado
1870.jpg,Felicidad
1871.jpg,Felicidad
1872.jpg,Felicidad
1873.jpg,Felicidad
1874.jpg,Curiosidad
1875.jpg,Felicidad
1876.jpg,Felicidad
1877.jpg,Desagrado
1878.jpg,Felicidad
1879.jpg,Felicidad
1880.jpg,Diversión
1881.jpg,Indiferencia
1882.jpg,Indiferencia
1883.jpg,Felicidad
1884.jpg,Miedo
1885.jpg,Felicidad
1886.jpg,Felicidad
1887.jpg,Diversión
1888.jpg,Indiferencia
1889.jpg,Felicidad
1890.jpg,Indiferencia
1891.jpg,Indiferencia
1892.jpg,Indiferencia
1893.jpg,Felicidad
1894.jpg,Felicidad
1895.jpg,Indiferencia
1896.jpg,Felicidad
1897.jpg,Felicidad
1898.jpg,Diversión
1899.jpg,Felicidad
1900.jpg,Indiferencia
1901.jpg,Diversión
1902.jpg,Diversión 
1903.jpg,Felicidad
1904.jpg,Felicidad
1905.jpg,Felicidad
1906.jpg,Felicidad
1907.jpg,Felicidad
1908.jpg,Indiferencia
1909.jpg,Curiosidad
1910.jpg,Felicidad
1911.jpg,Indiferencia
1912.jpg,Felicidad
1913.jpg,Indiferencia
1914.jpg,Felicidad
1915.jpg,Indiferencia
1916.jpg,Tristeza
1917.jpg,Felicidad
1918.jpg,Indiferencia
1919.jpg,Felicidad
1920.jpg,Indiferencia
1921.jpg,Diversión
1922.jpg,Indiferencia
1923.jpg,Indiferencia
1924.jpg,Felicidad
1925.jpg,Felicidad
1926.jpg,Miedo
1927.jpg,Felicidad
1928.jpg,Felicidad
1929.jpg,Felicidad
1930.jpg,Indiferencia
1931.jpg,Indiferencia
1932.jpg,Indiferencia
1933.jpg,Indiferencia
1934.jpg,Indiferencia
1935.jpg,Indiferencia
1936.jpg,Indiferencia
1937.jpg,Indiferencia
1938.jpg,Indiferencia
1939.jpg,Felicidad
1940.jpg,Indiferencia
1941.jpg,Felicidad
1942.jpg,Indiferencia
1943.jpg,Indiferencia
1944.jpg,Felicidad
1945.jpg,Indiferencia
1946.jpg,Indiferencia
1947.jpg,Indiferencia
1948.jpg,Indiferencia
1949.jpg,Felicidad
1950.jpg,Felicidad
1951.jpg,Diversión
1952.jpg,Indiferencia
1953.jpg,Indiferencia
1954.jpg,Felicidad
1955.jpg,Felicidad
1956.jpg,Indiferencia
1957.jpg,Indiferencia
1958.jpg,Felicidad
1959.jpg,Indiferencia
1960.jpg,Indiferencia
1961.jpg,Indiferencia
1962.jpg,Indiferencia
1963.jpg,Felicidad
1964.jpg,Indiferencia
1965.jpg,Indiferencia
1966.jpg,Indiferencia
1967.jpg,Indiferencia
1968.jpg,Indiferencia
1969.jpg,Indiferencia
1970.jpg,Diversión
1971.jpg,Felicidad
1972.jpg,Felicidad
1973.jpg,Indiferencia
1974.jpg,Felicidad
1975.jpg,Felicidad
1976.jpg,Felicidad
1977.jpg,Indiferencia
1978.jpg,Felicidad
1979.jpg,Felicidad
1980.jpg,Curiosidad
1981.jpg,Indiferencia
1982.jpg,Indiferencia
1983.jpg,Indiferencia
1984.jpg,Indiferencia
1985.jpg,Felicidad
1986.jpg,Indiferencia
1987.jpg,Indiferencia
1988.jpg,Felicidad
1989.jpg,Indiferencia
1990.jpg,Felicidad
1991.jpg,Felicidad
1992.jpg,Indiferencia
1993.jpg,Indiferencia
1994.jpg,Felicidad
1995.jpg,Indiferencia
1996.jpg,Indiferencia
1997.jpg,Felicidad
1998.jpg,Felicidad
1999.jpg,Indiferencia
2000.jpg,Indiferencia