image,emotion,label,split
418.jpg,Felicidad,0,train
1826.jpg,Indiferencia,1,train
477.jpg,Felicidad,0,train
1089.jpg,Indiferencia,1,train
808.jpg,Indiferencia,1,train
232.jpg,Indiferencia,1,train
6.jpg,Indiferencia,1,train
1224.jpg,Diversión,0,train
1965.jpg,Indiferencia,1,train
394.jpg,Diversión,0,train
1446.jpg,Curiosidad,0,train
526.jpg,Indiferencia,1,train
762.jpg,Indiferencia,1,train
498.jpg,Felicidad,0,train
251.jpg,Desagrado,2,train
724.jpg,Curiosidad,0,train
888.jpg,Felicidad,0,train
1211.jpg,Indiferencia,1,train
1904.jpg,Felicidad,0,train
1460.jpg,Diversión,0,train
974.jpg,Felicidad,0,train
622.jpg,Indiferencia,1,train
550.jpg,Curiosidad,0,train
1994.jpg,Felicidad,0,train
1837.jpg,Felicidad,0,train
1303.jpg,Curiosidad,0,train
308.jpg,Diversión,0,train
1449.jpg,Felicidad,0,train
1742.jpg,Curiosidad,0,train
1943.jpg,Indiferencia,1,train
1752.jpg,Indiferencia,1,train
843.jpg,Indiferencia,1,train
254.jpg,Diversión,0,train
178.jpg,Diversión,0,train
1361.jpg,Felicidad,0,train
1060.jpg,Indiferencia,1,train
1704.jpg,Indiferencia,1,train
666.jpg,Indiferencia,1,train
357.jpg,Diversión,0,train
1237.jpg,Indiferencia,1,train
883.jpg,Felicidad,0,train
1641.jpg,Felicidad,0,train
1164.jpg,Felicidad,0,train
611.jpg,Indiferencia,1,train
505.jpg,Indiferencia,1,train
1560.jpg,Felicidad,0,train
1109.jpg,Diversión,0,train
1839.jpg,Felicidad,0,train
179.jpg,Indiferencia,1,train
1759.jpg,Diversión,0,train
712.jpg,Felicidad,0,train
1210.jpg,Diversión,0,train
1322.jpg,Felicidad,0,train
88.jpg,Diversión,0,train
220.jpg,Felicidad,0,train
779.jpg,Indiferencia,1,train
565.jpg,Felicidad,0,train
105.jpg,Felicidad,0,train
1520.jpg,Indiferencia,1,train
28.jpg,Curiosidad,0,train
1079.jpg,Indiferencia,1,train
1799.jpg,Indiferencia,1,train
629.jpg,Desagrado,2,train
7.jpg,Felicidad,0,train
1431.jpg,Indiferencia,1,train
1425.jpg,Felicidad,0,train
124.jpg,Indiferencia,1,train
1095.jpg,Desagrado,2,train
1918.jpg,Indiferencia,1,train
1540.jpg,Felicidad,0,train
1436.jpg,Felicidad,0,train
1266.jpg,Felicidad,0,train
685.jpg,Indiferencia,1,train
1012.jpg,Curiosidad,0,train
455.jpg,Felicidad,0,train
405.jpg,Felicidad,0,train
1443.jpg,Indiferencia,1,train
731.jpg,Indiferencia,1,train
1741.jpg,Felicidad,0,train
902.jpg,Indiferencia,1,train
1928.jpg,Felicidad,0,train
1028.jpg,Felicidad,0,train
1226.jpg,Indiferencia,1,train
897.jpg,Felicidad,0,train
760.jpg,Indiferencia,1,train
1429.jpg,Felicidad,0,train
791.jpg,Indiferencia,1,train
733.jpg,Felicidad,0,train
930.jpg,Indiferencia,1,train
882.jpg,Felicidad,0,train
682.jpg,Indiferencia,1,train
669.jpg,Indiferencia,1,train
1541.jpg,Felicidad,0,train
1570.jpg,Felicidad,0,train
1197.jpg,Curiosidad,0,train
1745.jpg,Indiferencia,1,train
1228.jpg,Felicidad,0,train
638.jpg,Felicidad,0,train
209.jpg,Diversión,0,train
1555.jpg,Curiosidad,0,train
1973.jpg,Indiferencia,1,train
1305.jpg,Curiosidad,0,train
3.jpg,Diversión,0,train
1179.jpg,Indiferencia,1,train
994.jpg,Indiferencia,1,train
1234.jpg,Felicidad,0,train
903.jpg,Indiferencia,1,train
1063.jpg,Felicidad,0,train
1833.jpg,Desagrado,2,train
1841.jpg,Diversión,0,train
173.jpg,Curiosidad,0,train
1364.jpg,Indiferencia,1,train
1998.jpg,Felicidad,0,train
94.jpg,Indiferencia,1,train
1650.jpg,Indiferencia,1,train
1427.jpg,Felicidad,0,train
595.jpg,Felicidad,0,train
228.jpg,Curiosidad,0,train
1573.jpg,Felicidad,0,train
1434.jpg,Felicidad,0,train
1101.jpg,Diversión,0,train
952.jpg,Indiferencia,1,train
549.jpg,Diversión,0,train
1784.jpg,Indiferencia,1,train
1385.jpg,Diversión,0,train
412.jpg,Diversión,0,train
1997.jpg,Felicidad,0,train
701.jpg,Indiferencia,1,train
1544.jpg,Indiferencia,1,train
1723.jpg,Indiferencia,1,train
536.jpg,Diversión,0,train
1661.jpg,Diversión,0,train
1593.jpg,Felicidad,0,train
275.jpg,Indiferencia,1,train
476.jpg,Curiosidad,0,train
1504.jpg,Indiferencia,1,train
1653.jpg,Curiosidad,0,train
863.jpg,Diversión,0,train
1118.jpg,Felicidad,0,train
241.jpg,Indiferencia,1,train
1527.jpg,Curiosidad,0,train
219.jpg,Curiosidad,0,train
77.jpg,Felicidad,0,train
1414.jpg,Curiosidad,0,train
998.jpg,Felicidad,0,train
596.jpg,Felicidad,0,train
1775.jpg,Diversión,0,train
608.jpg,Desagrado,2,train
852.jpg,Indiferencia,1,train
159.jpg,Felicidad,0,train
1502.jpg,Felicidad,0,train
74.jpg,Felicidad,0,train
696.jpg,Felicidad,0,train
438.jpg,Indiferencia,1,train
1010.jpg,Indiferencia,1,train
1811.jpg,Indiferencia,1,train
1170.jpg,Felicidad,0,train
79.jpg,Felicidad,0,train
1760.jpg,Diversión,0,train
1581.jpg,Felicidad,0,train
1562.jpg,Indiferencia,1,train
114.jpg,Felicidad,0,train
1795.jpg,Indiferencia,1,train
1807.jpg,Indiferencia,1,train
732.jpg,Felicidad,0,train
1963.jpg,Felicidad,0,train
756.jpg,Felicidad,0,train
1331.jpg,Indiferencia,1,train
533.jpg,Felicidad,0,train
222.jpg,Indiferencia,1,train
1911.jpg,Indiferencia,1,train
1978.jpg,Felicidad,0,train
346.jpg,Indiferencia,1,train
188.jpg,Diversión,0,train
1173.jpg,Curiosidad,0,train
795.jpg,Felicidad,0,train
785.jpg,Indiferencia,1,train
397.jpg,Felicidad,0,train
1568.jpg,Indiferencia,1,train
1420.jpg,Felicidad,0,train
369.jpg,Indiferencia,1,train
1129.jpg,Indiferencia,1,train
161.jpg,Felicidad,0,train
1988.jpg,Felicidad,0,train
1767.jpg,Felicidad,0,train
216.jpg,Felicidad,0,train
1045.jpg,Felicidad,0,train
1948.jpg,Indiferencia,1,train
967.jpg,Diversión,0,train
627.jpg,Diversión,0,train
804.jpg,Desagrado,2,train
1595.jpg,Felicidad,0,train
1386.jpg,Indiferencia,1,train
463.jpg,Diversión,0,train
1459.jpg,Indiferencia,1,train
385.jpg,Indiferencia,1,train
1276.jpg,Curiosidad,0,train
812.jpg,Indiferencia,1,train
1031.jpg,Desagrado,2,train
225.jpg,Indiferencia,1,train
1295.jpg,Felicidad,0,train
1162.jpg,Curiosidad,0,train
63.jpg,Felicidad,0,train
499.jpg,Curiosidad,0,train
938.jpg,Felicidad,0,train
1121.jpg,Indiferencia,1,train
1516.jpg,Curiosidad,0,train
1278.jpg,Indiferencia,1,train
1193.jpg,Felicidad,0,train
1651.jpg,Felicidad,0,train
1047.jpg,Felicidad,0,train
428.jpg,Felicidad,0,train
814.jpg,Diversión,0,train
534.jpg,Indiferencia,1,train
354.jpg,Felicidad,0,train
1106.jpg,Felicidad,0,train
1316.jpg,Felicidad,0,train
545.jpg,Curiosidad,0,train
1956.jpg,Indiferencia,1,train
253.jpg,Indiferencia,1,train
58.jpg,Felicidad,0,train
191.jpg,Indiferencia,1,train
300.jpg,Indiferencia,1,train
1916.jpg,Tristeza,2,train
1906.jpg,Felicidad,0,train
306.jpg,Felicidad,0,train
947.jpg,Felicidad,0,train
486.jpg,Diversión,0,train
1707.jpg,Miedo,2,train
1069.jpg,Diversión,0,train
1954.jpg,Felicidad,0,train
539.jpg,Indiferencia,1,train
1248.jpg,Indiferencia,1,train
973.jpg,Indiferencia,1,train
1080.jpg,Felicidad,0,train
1671.jpg,Felicidad,0,train
1510.jpg,Indiferencia,1,train
1052.jpg,Indiferencia,1,train
683.jpg,Diversión,0,train
991.jpg,Diversión,0,train
668.jpg,Felicidad,0,train
855.jpg,Indiferencia,1,train
1709.jpg,Indiferencia,1,train
768.jpg,Indiferencia,1,train
647.jpg,Indiferencia,1,train
1497.jpg,Indiferencia,1,train
326.jpg,Curiosidad,0,train
56.jpg,Diversión,0,train
1072.jpg,Indiferencia,1,train
656.jpg,Desagrado,2,train
747.jpg,Felicidad,0,train
680.jpg,Felicidad,0,train
830.jpg,Diversión,0,train
318.jpg,Diversión,0,train
928.jpg,Indiferencia,1,train
826.jpg,Indiferencia,1,train
1068.jpg,Diversión,0,train
776.jpg,Felicidad,0,train
1877.jpg,Desagrado,2,train
380.jpg,Diversión,0,train
249.jpg,Diversión,0,train
660.jpg,Indiferencia,1,train
963.jpg,Felicidad,0,train
1515.jpg,Felicidad,0,train
1241.jpg,Felicidad,0,train
658.jpg,Felicidad,0,train
213.jpg,Indiferencia,1,train
792.jpg,Indiferencia,1,train
896.jpg,Miedo,2,train
206.jpg,Indiferencia,1,train
1469.jpg,Diversión,0,train
381.jpg,Indiferencia,1,train
395.jpg,Indiferencia,1,train
508.jpg,Curiosidad,0,train
521.jpg,Indiferencia,1,train
312.jpg,Curiosidad,0,train
1430.jpg,Felicidad,0,train
1375.jpg,Diversión,0,train
85.jpg,Curiosidad,0,train
227.jpg,Indiferencia,1,train
471.jpg,Miedo,2,train
1940.jpg,Indiferencia,1,train
1402.jpg,Indiferencia,1,train
853.jpg,Felicidad,0,train
576.jpg,Indiferencia,1,train
1412.jpg,Indiferencia,1,train
1592.jpg,Felicidad,0,train
1138.jpg,Felicidad,0,train
45.jpg,Diversión,0,train
1249.jpg,Indiferencia,1,train
605.jpg,Indiferencia,1,train
1862.jpg,Felicidad,0,train
1239.jpg,Indiferencia,1,train
1056.jpg,Indiferencia,1,train
1093.jpg,Indiferencia,1,train
906.jpg,Felicidad,0,train
1834.jpg,Indiferencia,1,train
155.jpg,Miedo,2,train
1569.jpg,Felicidad,0,train
1007.jpg,Indiferencia,1,train
1605.jpg,Diversión,0,train
205.jpg,Diversión,0,train
1891.jpg,Indiferencia,1,train
1892.jpg,Indiferencia,1,train
310.jpg,Indiferencia,1,train
1538.jpg,Felicidad,0,train
368.jpg,Felicidad,0,train
970.jpg,Indiferencia,1,train
500.jpg,Felicidad,0,train
1610.jpg,Diversión,0,train
1949.jpg,Felicidad,0,train
698.jpg,Felicidad,0,train
465.jpg,Felicidad,0,train
25.jpg,Diversión,0,train
1054.jpg,Indiferencia,1,train
1184.jpg,Felicidad,0,train
1588.jpg,Felicidad,0,train
969.jpg,Felicidad,0,train
1130.jpg,Felicidad,0,train
1930.jpg,Indiferencia,1,train
474.jpg,Diversión,0,train
1522.jpg,Curiosidad,0,train
408.jpg,Curiosidad,0,train
1865.jpg,Felicidad,0,train
272.jpg,Diversión,0,train
1496.jpg,Curiosidad,0,train
1933.jpg,Indiferencia,1,train
121.jpg,Indiferencia,1,train
156.jpg,Felicidad,0,train
729.jpg,Indiferencia,1,train
1358.jpg,Indiferencia,1,train
298.jpg,Indiferencia,1,train
1017.jpg,Curiosidad,0,train
1307.jpg,Indiferencia,1,train
1332.jpg,Felicidad,0,train
1617.jpg,Diversión,0,train
820.jpg,Diversión,0,train
1698.jpg,Felicidad,0,train
1739.jpg,Felicidad,0,train
195.jpg,Indiferencia,1,train
1041.jpg,Indiferencia,1,train
543.jpg,Felicidad,0,train
1308.jpg,Felicidad,0,train
235.jpg,Indiferencia,1,train
1020.jpg,Indiferencia,1,train
989.jpg,Indiferencia,1,train
1088.jpg,Felicidad,0,train
1524.jpg,Diversión,0,train
874.jpg,Indiferencia,1,train
675.jpg,Felicidad,0,train
1261.jpg,Felicidad,0,train
1782.jpg,Indiferencia,1,train
1001.jpg,Indiferencia,1,train
197.jpg,Felicidad,0,train
679.jpg,Indiferencia,1,train
41.jpg,Miedo,2,train
601.jpg,Curiosidad,0,train
1334.jpg,Desagrado,2,train
170.jpg,Indiferencia,1,train
1783.jpg,Indiferencia,1,train
572.jpg,Diversión,0,train
1621.jpg,Felicidad,0,train
60.jpg,Indiferencia,1,train
657.jpg,Indiferencia,1,train
1124.jpg,Diversión,0,train
771.jpg,Diversión,0,train
1666.jpg,Felicidad,0,train
1753.jpg,Miedo,2,train
65.jpg,Diversión,0,train
885.jpg,Indiferencia,1,train
1622.jpg,Diversión,0,train
1222.jpg,Indiferencia,1,train
1260.jpg,Indiferencia,1,train
97.jpg,Indiferencia,1,train
286.jpg,Indiferencia,1,train
260.jpg,Indiferencia,1,train
1791.jpg,Diversión,0,train
1356.jpg,Felicidad,0,train
1979.jpg,Felicidad,0,train
1091.jpg,Diversión,0,train
1014.jpg,Felicidad,0,train
1015.jpg,Curiosidad,0,train
1394.jpg,Desagrado,2,train
1277.jpg,Felicidad,0,train
626.jpg,Indiferencia,1,train
1393.jpg,Felicidad,0,train
406.jpg,Felicidad,0,train
361.jpg,Indiferencia,1,train
764.jpg,Felicidad,0,train
1756.jpg,Indiferencia,1,train
290.jpg,Felicidad,0,train
1246.jpg,Indiferencia,1,train
336.jpg,Indiferencia,1,train
233.jpg,Indiferencia,1,train
34.jpg,Felicidad,0,train
503.jpg,Curiosidad,0,train
359.jpg,Felicidad,0,train
102.jpg,Felicidad,0,train
725.jpg,Felicidad,0,train
796.jpg,Indiferencia,1,train
461.jpg,Desagrado,2,train
870.jpg,Felicidad,0,train
416.jpg,Indiferencia,1,train
72.jpg,Diversión,0,train
750.jpg,Curiosidad,0,train
335.jpg,Indiferencia,1,train
633.jpg,Indiferencia,1,train
1182.jpg,Desagrado,2,train
1125.jpg,Curiosidad,0,train
1706.jpg,Felicidad,0,train
554.jpg,Felicidad,0,train
1189.jpg,Felicidad,0,train
1156.jpg,Felicidad,0,train
1441.jpg,Indiferencia,1,train
327.jpg,Diversión,0,train
1804.jpg,Felicidad,0,train
1546.jpg,Indiferencia,1,train
1942.jpg,Indiferencia,1,train
953.jpg,Felicidad,0,train
1384.jpg,Felicidad,0,train
1304.jpg,Diversión,0,train
1856.jpg,Indiferencia,1,train
1512.jpg,Indiferencia,1,train
144.jpg,Felicidad,0,train
1183.jpg,Curiosidad,0,train
506.jpg,Indiferencia,1,train
1533.jpg,Indiferencia,1,train
1719.jpg,Felicidad,0,train
314.jpg,Indiferencia,1,train
466.jpg,Felicidad,0,train
1474.jpg,Diversión,0,train
993.jpg,Felicidad,0,train
1199.jpg,Diversión,0,train
834.jpg,Indiferencia,1,train
24.jpg,Felicidad,0,train
1755.jpg,Indiferencia,1,train
817.jpg,Indiferencia,1,train
14.jpg,Felicidad,0,train
1638.jpg,Felicidad,0,train
921.jpg,Indiferencia,1,train
1786.jpg,Indiferencia,1,train
789.jpg,Indiferencia,1,train
1208.jpg,Diversión,0,train
1265.jpg,Indiferencia,1,train
1100.jpg,Diversión,0,train
648.jpg,Curiosidad,0,train
651.jpg,Indiferencia,1,train
1730.jpg,Curiosidad,0,train
469.jpg,Felicidad,0,train
78.jpg,Felicidad,0,train
1980.jpg,Curiosidad,0,train
1078.jpg,Diversión,0,train
1006.jpg,Curiosidad,0,train
1146.jpg,Felicidad,0,train
694.jpg,Diversión,0,train
467.jpg,Curiosidad,0,train
1282.jpg,Felicidad,0,train
672.jpg,Diversión,0,train
66.jpg,Felicidad,0,train
164.jpg,Felicidad,0,train
1311.jpg,Diversión,0,train
1374.jpg,Diversión,0,train
1270.jpg,Felicidad,0,train
1553.jpg,Diversión,0,train
1167.jpg,Felicidad,0,train
887.jpg,Felicidad,0,train
1317.jpg,Indiferencia,1,train
17.jpg,Felicidad,0,train
1922.jpg,Indiferencia,1,train
577.jpg,Diversión,0,train
496.jpg,Felicidad,0,train
1823.jpg,Indiferencia,1,train
1788.jpg,Diversión,0,train
570.jpg,Diversión,0,train
1104.jpg,Indiferencia,1,train
1551.jpg,Indiferencia,1,train
1519.jpg,Indiferencia,1,train
129.jpg,Felicidad,0,train
665.jpg,Indiferencia,1,train
292.jpg,Desagrado,2,train
767.jpg,Felicidad,0,train
131.jpg,Felicidad,0,train
492.jpg,Desagrado,2,train
285.jpg,Indiferencia,1,train
1451.jpg,Felicidad,0,train
1853.jpg,Indiferencia,1,train
1881.jpg,Indiferencia,1,train
740.jpg,Indiferencia,1,train
1046.jpg,Curiosidad,0,train
502.jpg,Indiferencia,1,train
484.jpg,Curiosidad,0,train
1825.jpg,Curiosidad,0,train
734.jpg,Diversión,0,train
240.jpg,Indiferencia,1,train
872.jpg,Curiosidad,0,train
510.jpg,Indiferencia,1,train
1340.jpg,Felicidad,0,train
1292.jpg,Tristeza,2,train
663.jpg,Felicidad,0,train
333.jpg,Diversión,0,train
652.jpg,Felicidad,0,train
537.jpg,Indiferencia,1,train
1762.jpg,Felicidad,0,train
1640.jpg,Felicidad,0,train
1251.jpg,Indiferencia,1,train
1869.jpg,Desagrado,2,train
548.jpg,Indiferencia,1,train
1422.jpg,Felicidad,0,train
983.jpg,Indiferencia,1,train
955.jpg,Indiferencia,1,train
850.jpg,Indiferencia,1,train
98.jpg,Indiferencia,1,train
880.jpg,Felicidad,0,train
715.jpg,Felicidad,0,train
585.jpg,Diversión,0,train
487.jpg,Diversión,0,train
1565.jpg,Felicidad,0,train
972.jpg,Indiferencia,1,train
1272.jpg,Felicidad,0,train
309.jpg,Diversión,0,train
591.jpg,Curiosidad,0,train
1776.jpg,Indiferencia,1,train
348.jpg,Desagrado,2,train
1725.jpg,Indiferencia,1,train
1313.jpg,Indiferencia,1,train
649.jpg,Diversión,0,train
559.jpg,Indiferencia,1,train
1398.jpg,Indiferencia,1,train
1217.jpg,Curiosidad,0,train
1495.jpg,Indiferencia,1,train
869.jpg,Curiosidad,0,train
1901.jpg,Diversión,0,train
89.jpg,Felicidad,0,train
640.jpg,Indiferencia,1,train
1335.jpg,Indiferencia,1,train
42.jpg,Indiferencia,1,train
1624.jpg,Felicidad,0,train
1984.jpg,Indiferencia,1,train
1757.jpg,Indiferencia,1,train
1969.jpg,Indiferencia,1,train
1391.jpg,Indiferencia,1,train
692.jpg,Felicidad,0,train
1644.jpg,Felicidad,0,train
479.jpg,Felicidad,0,train
1242.jpg,Curiosidad,0,train
324.jpg,Miedo,2,train
1898.jpg,Diversión,0,train
1602.jpg,Felicidad,0,train
350.jpg,Indiferencia,1,train
1585.jpg,Indiferencia,1,train
845.jpg,Felicidad,0,train
10.jpg,Diversión,0,train
1931.jpg,Indiferencia,1,train
387.jpg,Indiferencia,1,train
379.jpg,Diversión,0,train
937.jpg,Indiferencia,1,train
139.jpg,Indiferencia,1,train
1212.jpg,Indiferencia,1,train
1864.jpg,Diversión,0,train
754.jpg,Felicidad,0,train
840.jpg,Indiferencia,1,train
1421.jpg,Indiferencia,1,train
1323.jpg,Diversión,0,train
699.jpg,Diversión,0,train
1549.jpg,Diversión,0,train
1893.jpg,Felicidad,0,train
1879.jpg,Felicidad,0,train
677.jpg,Diversión,0,train
961.jpg,Indiferencia,1,train
1645.jpg,Felicidad,0,train
375.jpg,Felicidad,0,train
516.jpg,Felicidad,0,train
341.jpg,Indiferencia,1,train
1821.jpg,Indiferencia,1,train
713.jpg,Curiosidad,0,train
934.jpg,Diversión,0,train
140.jpg,Felicidad,0,train
1548.jpg,Felicidad,0,train
18.jpg,Indiferencia,1,train
958.jpg,Felicidad,0,train
1005.jpg,Felicidad,0,train
582.jpg,Indiferencia,1,train
818.jpg,Felicidad,0,train
1534.jpg,Felicidad,0,train
1850.jpg,Indiferencia,1,train
551.jpg,Indiferencia,1,train
1914.jpg,Felicidad,0,train
1934.jpg,Indiferencia,1,train
1229.jpg,Felicidad,0,train
22.jpg,Felicidad,0,train
1750.jpg,Diversión,0,train
925.jpg,Diversión,0,train
514.jpg,Diversión,0,train
509.jpg,Indiferencia,1,train
130.jpg,Indiferencia,1,train
748.jpg,Felicidad,0,train
641.jpg,Indiferencia,1,train
242.jpg,Diversión,0,train
1336.jpg,Felicidad,0,train
693.jpg,Indiferencia,1,train
653.jpg,Desagrado,2,train
1351.jpg,Felicidad,0,train
1147.jpg,Diversión,0,train
436.jpg,Indiferencia,1,train
1583.jpg,Felicidad,0,train
1061.jpg,Diversión,0,train
1550.jpg,Indiferencia,1,train
1231.jpg,Indiferencia,1,train
1773.jpg,Indiferencia,1,train
995.jpg,Indiferencia,1,train
1097.jpg,Indiferencia,1,train
1144.jpg,Indiferencia,1,train
678.jpg,Felicidad,0,train
426.jpg,Felicidad,0,train
316.jpg,Diversión,0,train
1668.jpg,Indiferencia,1,train
1832.jpg,Curiosidad,0,train
1543.jpg,Indiferencia,1,train
1587.jpg,Curiosidad,0,train
793.jpg,Felicidad,0,train
1702.jpg,Felicidad,0,train
1247.jpg,Felicidad,0,train
1290.jpg,Indiferencia,1,train
615.jpg,Indiferencia,1,train
190.jpg,Felicidad,0,train
482.jpg,Indiferencia,1,train
1634.jpg,Indiferencia,1,train
1518.jpg,Felicidad,0,train
997.jpg,Indiferencia,1,train
294.jpg,Felicidad,0,train
1817.jpg,Desagrado,2,train
1968.jpg,Indiferencia,1,train
525.jpg,Felicidad,0,train
803.jpg,Felicidad,0,train
262.jpg,Indiferencia,1,train
891.jpg,Indiferencia,1,train
1403.jpg,Felicidad,0,train
118.jpg,Miedo,2,train
542.jpg,Diversión,0,train
1003.jpg,Felicidad,0,train
583.jpg,Felicidad,0,train
367.jpg,Diversión,0,train
875.jpg,Miedo,2,train
5.jpg,Felicidad,0,train
1711.jpg,Diversión,0,train
370.jpg,Indiferencia,1,train
561.jpg,Curiosidad,0,train
345.jpg,Curiosidad,0,train
1982.jpg,Indiferencia,1,train
752.jpg,Felicidad,0,train
848.jpg,Felicidad,0,train
854.jpg,Felicidad,0,train
1254.jpg,Felicidad,0,train
684.jpg,Tristeza,2,train
1693.jpg,Indiferencia,1,train
80.jpg,Tristeza,2,train
123.jpg,Felicidad,0,train
287.jpg,Indiferencia,1,train
1848.jpg,Indiferencia,1,train
562.jpg,Felicidad,0,train
1157.jpg,Diversión,0,train
358.jpg,Indiferencia,1,train
1660.jpg,Miedo,2,train
1113.jpg,Indiferencia,1,train
1857.jpg,Felicidad,0,train
786.jpg,Indiferencia,1,train
443.jpg,Curiosidad,0,train
1514.jpg,Indiferencia,1,train
1200.jpg,Indiferencia,1,train
305.jpg,Indiferencia,1,train
1395.jpg,Indiferencia,1,train
437.jpg,Felicidad,0,train
126.jpg,Indiferencia,1,train
440.jpg,Diversión,0,train
861.jpg,Indiferencia,1,train
828.jpg,Felicidad,0,train
441.jpg,Felicidad,0,train
1424.jpg,Indiferencia,1,train
117.jpg,Diversión,0,train
1195.jpg,Indiferencia,1,train
720.jpg,Indiferencia,1,train
1075.jpg,Desagrado,2,train
332.jpg,Indiferencia,1,train
1889.jpg,Felicidad,0,train
1418.jpg,Felicidad,0,train
829.jpg,Indiferencia,1,train
1738.jpg,Felicidad,0,train
1406.jpg,Felicidad,0,train
99.jpg,Diversión,0,train
1269.jpg,Indiferencia,1,train
1324.jpg,Felicidad,0,train
1355.jpg,Indiferencia,1,train
982.jpg,Indiferencia,1,train
1478.jpg,Indiferencia,1,train
1410.jpg,Felicidad,0,train
1038.jpg,Desagrado,2,train
1772.jpg,Indiferencia,1,train
1310.jpg,Indiferencia,1,train
1151.jpg,Felicidad,0,train
1809.jpg,Indiferencia,1,train
758.jpg,Indiferencia,1,train
1176.jpg,Curiosidad,0,train
1935.jpg,Indiferencia,1,train
954.jpg,Indiferencia,1,train
488.jpg,Diversión,0,train
489.jpg,Felicidad,0,train
1132.jpg,Indiferencia,1,train
288.jpg,Indiferencia,1,train
175.jpg,Felicidad,0,train
1927.jpg,Felicidad,0,train
1337.jpg,Felicidad,0,train
1740.jpg,Indiferencia,1,train
1649.jpg,Curiosidad,0,train
1599.jpg,Diversión,0,train
1964.jpg,Indiferencia,1,train
1066.jpg,Felicidad,0,train
821.jpg,Felicidad,0,train
75.jpg,Curiosidad,0,train
980.jpg,Felicidad,0,train
976.jpg,Felicidad,0,train
673.jpg,Indiferencia,1,train
38.jpg,Felicidad,0,train
1770.jpg,Felicidad,0,train
568.jpg,Indiferencia,1,train
1300.jpg,Indiferencia,1,train
530.jpg,Felicidad,0,train
1925.jpg,Felicidad,0,train
1050.jpg,Indiferencia,1,train
714.jpg,Indiferencia,1,train
483.jpg,Diversión,0,train
19.jpg,Felicidad,0,train
247.jpg,Diversión,0,train
612.jpg,Felicidad,0,train
879.jpg,Indiferencia,1,train
1987.jpg,Indiferencia,1,train
625.jpg,Indiferencia,1,train
1715.jpg,Felicidad,0,train
248.jpg,Indiferencia,1,train
659.jpg,Diversión,0,train
57.jpg,Diversión,0,train
593.jpg,Indiferencia,1,train
1923.jpg,Indiferencia,1,train
873.jpg,Desagrado,2,train
1724.jpg,Felicidad,0,train
1116.jpg,Felicidad,0,train
210.jpg,Curiosidad,0,train
303.jpg,Indiferencia,1,train
941.jpg,Diversión,0,train
1758.jpg,Felicidad,0,train
186.jpg,Indiferencia,1,train
347.jpg,Indiferencia,1,train
1687.jpg,Felicidad,0,train
337.jpg,Curiosidad,0,train
1350.jpg,Indiferencia,1,train
836.jpg,Tristeza,2,train
87.jpg,Curiosidad,0,train
1885.jpg,Felicidad,0,train
1148.jpg,Indiferencia,1,train
759.jpg,Indiferencia,1,train
431.jpg,Diversión,0,train
1764.jpg,Indiferencia,1,train
847.jpg,Indiferencia,1,train
566.jpg,Indiferencia,1,train
396.jpg,Curiosidad,0,train
90.jpg,Diversión,0,train
1333.jpg,Indiferencia,1,train
1145.jpg,Felicidad,0,train
1810.jpg,Felicidad,0,train
257.jpg,Felicidad,0,train
1545.jpg,Felicidad,0,train
1141.jpg,Curiosidad,0,train
1302.jpg,Felicidad,0,train
1158.jpg,Curiosidad,0,train
1462.jpg,Indiferencia,1,train
956.jpg,Felicidad,0,train
1312.jpg,Indiferencia,1,train
1232.jpg,Indiferencia,1,train
322.jpg,Felicidad,0,train
1488.jpg,Diversión,0,train
167.jpg,Felicidad,0,train
1818.jpg,Tristeza,2,train
200.jpg,Indiferencia,1,train
1071.jpg,Felicidad,0,train
1829.jpg,Felicidad,0,train
894.jpg,Felicidad,0,train
1652.jpg,Indiferencia,1,train
1616.jpg,Felicidad,0,train
1530.jpg,Felicidad,0,train
414.jpg,Diversión,0,train
135.jpg,Indiferencia,1,train
1382.jpg,Indiferencia,1,train
459.jpg,Felicidad,0,train
497.jpg,Diversión,0,train
1912.jpg,Felicidad,0,train
132.jpg,Diversión,0,train
751.jpg,Felicidad,0,train
256.jpg,Indiferencia,1,train
1223.jpg,Indiferencia,1,train
929.jpg,Indiferencia,1,train
154.jpg,Diversión,0,train
920.jpg,Indiferencia,1,train
1941.jpg,Felicidad,0,train
819.jpg,Indiferencia,1,train
344.jpg,Diversión,0,train
634.jpg,Indiferencia,1,train
1521.jpg,Felicidad,0,train
212.jpg,Diversión,0,train
1366.jpg,Diversión,0,train
1464.jpg,Felicidad,0,train
1347.jpg,Felicidad,0,train
1329.jpg,Indiferencia,1,train
1455.jpg,Felicidad,0,train
1440.jpg,Indiferencia,1,train
1896.jpg,Felicidad,0,train
944.jpg,Indiferencia,1,train
943.jpg,Indiferencia,1,train
1426.jpg,Felicidad,0,train
567.jpg,Felicidad,0,train
610.jpg,Indiferencia,1,train
630.jpg,Diversión,0,train
1107.jpg,Felicidad,0,train
856.jpg,Felicidad,0,train
2000.jpg,Indiferencia,1,train
546.jpg,Indiferencia,1,train
171.jpg,Felicidad,0,train
1481.jpg,Felicidad,0,train
93.jpg,Felicidad,0,train
535.jpg,Diversión,0,train
1684.jpg,Felicidad,0,train
1084.jpg,Felicidad,0,train
933.jpg,Felicidad,0,train
1397.jpg,Felicidad,0,train
1155.jpg,Curiosidad,0,train
199.jpg,Indiferencia,1,train
1691.jpg,Felicidad,0,train
574.jpg,Curiosidad,0,train
193.jpg,Diversión,0,train
1058.jpg,Curiosidad,0,train
1428.jpg,Diversión,0,train
755.jpg,Indiferencia,1,train
243.jpg,Felicidad,0,train
1360.jpg,Felicidad,0,train
770.jpg,Indiferencia,1,train
563.jpg,Felicidad,0,train
1867.jpg,Indiferencia,1,train
1354.jpg,Felicidad,0,train
1168.jpg,Indiferencia,1,train
478.jpg,Felicidad,0,train
454.jpg,Felicidad,0,train
231.jpg,Indiferencia,1,train
1163.jpg,Indiferencia,1,train
1192.jpg,Indiferencia,1,train
1032.jpg,Diversión,0,train
1643.jpg,Felicidad,0,train
667.jpg,Indiferencia,1,train
446.jpg,Indiferencia,1,train
192.jpg,Felicidad,0,train
914.jpg,Indiferencia,1,train
544.jpg,Diversión,0,train
1574.jpg,Indiferencia,1,train
1970.jpg,Diversión,0,train
1094.jpg,Indiferencia,1,train
163.jpg,Indiferencia,1,train
403.jpg,Felicidad,0,train
342.jpg,Diversión,0,train
1456.jpg,Felicidad,0,train
1733.jpg,Indiferencia,1,train
1542.jpg,Felicidad,0,train
1531.jpg,Felicidad,0,train
1289.jpg,Diversión,0,train
1330.jpg,Curiosidad,0,train
1357.jpg,Diversión,0,train
662.jpg,Curiosidad,0,train
1947.jpg,Indiferencia,1,train
1485.jpg,Felicidad,0,train
1975.jpg,Felicidad,0,train
716.jpg,Curiosidad,0,train
1747.jpg,Indiferencia,1,train
352.jpg,Desagrado,2,train
393.jpg,Indiferencia,1,train
1863.jpg,Indiferencia,1,train
1523.jpg,Indiferencia,1,train
2.jpg,Indiferencia,1,train
686.jpg,Felicidad,0,train
1190.jpg,Indiferencia,1,train
1376.jpg,Felicidad,0,train
1895.jpg,Indiferencia,1,train
800.jpg,Indiferencia,1,train
374.jpg,Indiferencia,1,train
1796.jpg,Felicidad,0,train
643.jpg,Indiferencia,1,train
1419.jpg,Diversión,0,train
26.jpg,Felicidad,0,train
1875.jpg,Felicidad,0,train
1380.jpg,Indiferencia,1,train
527.jpg,Indiferencia,1,train
899.jpg,Felicidad,0,train
1696.jpg,Diversión,0,train
142.jpg,Miedo,2,train
1064.jpg,Felicidad,0,train
907.jpg,Indiferencia,1,train
376.jpg,Curiosidad,0,train
1185.jpg,Indiferencia,1,train
528.jpg,Diversión,0,train
1378.jpg,Curiosidad,0,train
107.jpg,Indiferencia,1,train
1413.jpg,Indiferencia,1,train
1128.jpg,Felicidad,0,train
1036.jpg,Indiferencia,1,train
1971.jpg,Felicidad,0,train
824.jpg,Felicidad,0,train
35.jpg,Indiferencia,1,train
1633.jpg,Felicidad,0,train
1048.jpg,Curiosidad,0,train
1453.jpg,Indiferencia,1,train
1294.jpg,Indiferencia,1,train
278.jpg,Diversión,0,train
1840.jpg,Felicidad,0,train
884.jpg,Felicidad,0,train
1929.jpg,Felicidad,0,train
70.jpg,Felicidad,0,train
1471.jpg,Felicidad,0,train
588.jpg,Indiferencia,1,train
654.jpg,Felicidad,0,train
363.jpg,Indiferencia,1,train
1820.jpg,Indiferencia,1,train
1576.jpg,Curiosidad,0,train
650.jpg,Felicidad,0,train
1306.jpg,Felicidad,0,train
13.jpg,Diversión,0,train
218.jpg,Indiferencia,1,train
1206.jpg,Indiferencia,1,train
49.jpg,Indiferencia,1,train
723.jpg,Diversión,0,train
434.jpg,Indiferencia,1,train
1735.jpg,Indiferencia,1,train
926.jpg,Indiferencia,1,train
1683.jpg,Desagrado,2,train
917.jpg,Indiferencia,1,train
1467.jpg,Indiferencia,1,train
1871.jpg,Felicidad,0,train
1161.jpg,Indiferencia,1,train
166.jpg,Diversión,0,train
857.jpg,Felicidad,0,train
871.jpg,Felicidad,0,train
918.jpg,Indiferencia,1,train
1483.jpg,Felicidad,0,train
1859.jpg,Felicidad,0,train
1737.jpg,Felicidad,0,train
1296.jpg,Indiferencia,1,train
977.jpg,Indiferencia,1,train
1191.jpg,Curiosidad,0,train
726.jpg,Diversión,0,train
50.jpg,Diversión,0,train
1489.jpg,Felicidad,0,train
1299.jpg,Indiferencia,1,train
1154.jpg,Indiferencia,1,train
1894.jpg,Felicidad,0,train
1845.jpg,Felicidad,0,train
1629.jpg,Felicidad,0,train
1204.jpg,Diversión,0,train
214.jpg,Indiferencia,1,train
1142.jpg,Indiferencia,1,train
782.jpg,Indiferencia,1,train
965.jpg,Indiferencia,1,train
868.jpg,Indiferencia,1,train
709.jpg,Felicidad,0,train
468.jpg,Diversión,0,train
245.jpg,Indiferencia,1,train
579.jpg,Diversión,0,train
334.jpg,Curiosidad,0,train
274.jpg,Indiferencia,1,train
1528.jpg,Curiosidad,0,train
990.jpg,Felicidad,0,train
1983.jpg,Indiferencia,1,train
1888.jpg,Indiferencia,1,train
141.jpg,Felicidad,0,train
115.jpg,Curiosidad,0,train
1816.jpg,Felicidad,0,train
877.jpg,Curiosidad,0,train
1736.jpg,Indiferencia,1,train
1656.jpg,Felicidad,0,train
1256.jpg,Felicidad,0,train
1961.jpg,Indiferencia,1,train
1831.jpg,Tristeza,2,train
552.jpg,Felicidad,0,train
143.jpg,Curiosidad,0,train
269.jpg,Felicidad,0,train
277.jpg,Curiosidad,0,train
787.jpg,Indiferencia,1,train
1695.jpg,Indiferencia,1,train
784.jpg,Felicidad,0,train
739.jpg,Indiferencia,1,train
84.jpg,Indiferencia,1,train
1177.jpg,Indiferencia,1,train
425.jpg,Miedo,2,train
433.jpg,Indiferencia,1,train
962.jpg,Indiferencia,1,train
597.jpg,Diversión,0,train
986.jpg,Indiferencia,1,train
1558.jpg,Indiferencia,1,train
411.jpg,Diversión,0,train
1858.jpg,Felicidad,0,train
670.jpg,Indiferencia,1,train
1580.jpg,Indiferencia,1,train
628.jpg,Indiferencia,1,train
1433.jpg,Indiferencia,1,train
816.jpg,Felicidad,0,train
1365.jpg,Felicidad,0,train
945.jpg,Indiferencia,1,train
837.jpg,Curiosidad,0,train
1454.jpg,Felicidad,0,train
234.jpg,Indiferencia,1,train
839.jpg,Felicidad,0,train
1779.jpg,Felicidad,0,train
1878.jpg,Felicidad,0,train
1981.jpg,Indiferencia,1,train
742.jpg,Felicidad,0,train
273.jpg,Diversión,0,train
493.jpg,Diversión,0,train
157.jpg,Diversión,0,train
741.jpg,Indiferencia,1,train
1498.jpg,Felicidad,0,train
1465.jpg,Indiferencia,1,train
1604.jpg,Diversión,0,train
1657.jpg,Felicidad,0,train
1049.jpg,Diversión,0,train
263.jpg,Indiferencia,1,train
1919.jpg,Felicidad,0,train
1115.jpg,Indiferencia,1,train
1674.jpg,Felicidad,0,train
1321.jpg,Felicidad,0,train
1286.jpg,Indiferencia,1,train
704.jpg,Felicidad,0,train
1263.jpg,Indiferencia,1,train
1932.jpg,Indiferencia,1,train
763.jpg,Felicidad,0,train
1844.jpg,Felicidad,0,train
1259.jpg,Indiferencia,1,train
1207.jpg,Indiferencia,1,train
113.jpg,Curiosidad,0,train
1846.jpg,Felicidad,0,train
1359.jpg,Indiferencia,1,train
1910.jpg,Felicidad,0,train
1114.jpg,Curiosidad,0,train
1868.jpg,Felicidad,0,train
1379.jpg,Diversión,0,train
981.jpg,Felicidad,0,train
520.jpg,Indiferencia,1,train
384.jpg,Diversión,0,train
1287.jpg,Indiferencia,1,train
584.jpg,Felicidad,0,train
557.jpg,Diversión,0,train
1913.jpg,Indiferencia,1,train
112.jpg,Indiferencia,1,train
1345.jpg,Indiferencia,1,train
284.jpg,Indiferencia,1,train
1342.jpg,Indiferencia,1,train
1103.jpg,Curiosidad,0,train
1952.jpg,Indiferencia,1,train
1318.jpg,Diversión,0,train
1950.jpg,Felicidad,0,train
1694.jpg,Indiferencia,1,train
1131.jpg,Diversión,0,train
988.jpg,Indiferencia,1,train
1722.jpg,Indiferencia,1,train
299.jpg,Indiferencia,1,train
1667.jpg,Felicidad,0,train
1098.jpg,Diversión,0,train
553.jpg,Diversión,0,train
82.jpg,Felicidad,0,train
198.jpg,Miedo,2,train
594.jpg,Diversión,0,train
266.jpg,Indiferencia,1,train
1009.jpg,Diversión,0,train
1688.jpg,Curiosidad,0,train
1976.jpg,Felicidad,0,train
1493.jpg,Felicidad,0,train
1074.jpg,Indiferencia,1,train
702.jpg,Felicidad,0,train
590.jpg,Indiferencia,1,train
1024.jpg,Curiosidad,0,train
69.jpg,Curiosidad,0,train
1016.jpg,Desagrado,2,train
174.jpg,Indiferencia,1,train
1591.jpg,Curiosidad,0,train
1482.jpg,Felicidad,0,train
423.jpg,Indiferencia,1,train
1547.jpg,Indiferencia,1,train
111.jpg,Indiferencia,1,train
1484.jpg,Felicidad,0,train
378.jpg,Diversión,0,train
1339.jpg,Felicidad,0,train
1271.jpg,Diversión,0,train
304.jpg,Diversión,0,train
604.jpg,Indiferencia,1,train
151.jpg,Indiferencia,1,train
1584.jpg,Diversión,0,train
635.jpg,Indiferencia,1,train
1596.jpg,Indiferencia,1,train
766.jpg,Felicidad,0,train
664.jpg,Curiosidad,0,train
1708.jpg,Indiferencia,1,train
987.jpg,Felicidad,0,train
1728.jpg,Diversión,0,train
1160.jpg,Indiferencia,1,train
1073.jpg,Felicidad,0,train
1830.jpg,Curiosidad,0,train
1993.jpg,Indiferencia,1,train
1920.jpg,Indiferencia,1,train
515.jpg,Indiferencia,1,train
388.jpg,Diversión,0,train
849.jpg,Felicidad,0,train
59.jpg,Felicidad,0,train
1392.jpg,Felicidad,0,train
1564.jpg,Felicidad,0,train
922.jpg,Indiferencia,1,train
1789.jpg,Felicidad,0,train
841.jpg,Indiferencia,1,train
1677.jpg,Curiosidad,0,train
95.jpg,Felicidad,0,train
320.jpg,Desagrado,2,train
1150.jpg,Indiferencia,1,train
860.jpg,Desagrado,2,train
1319.jpg,Felicidad,0,train
325.jpg,Indiferencia,1,train
1257.jpg,Indiferencia,1,train
1275.jpg,Indiferencia,1,train
27.jpg,Felicidad,0,train
1353.jpg,Felicidad,0,train
1630.jpg,Miedo,2,train
1126.jpg,Diversión,0,train
1917.jpg,Felicidad,0,train
1111.jpg,Indiferencia,1,train
229.jpg,Felicidad,0,train
472.jpg,Felicidad,0,train
1921.jpg,Diversión,0,train
1561.jpg,Indiferencia,1,train
1309.jpg,Indiferencia,1,train
1404.jpg,Felicidad,0,train
64.jpg,Indiferencia,1,train
1601.jpg,Felicidad,0,train
415.jpg,Felicidad,0,train
886.jpg,Indiferencia,1,train
46.jpg,Curiosidad,0,train
1096.jpg,Felicidad,0,train
560.jpg,Indiferencia,1,train
1499.jpg,Indiferencia,1,train
1849.jpg,Felicidad,0,train
1778.jpg,Indiferencia,1,train
781.jpg,Curiosidad,0,train
422.jpg,Diversión,0,train
259.jpg,Indiferencia,1,train
1646.jpg,Felicidad,0,train
1479.jpg,Indiferencia,1,train
250.jpg,Indiferencia,1,train
1388.jpg,Curiosidad,0,train
957.jpg,Felicidad,0,train
1700.jpg,Indiferencia,1,train
1712.jpg,Indiferencia,1,train
276.jpg,Indiferencia,1,train
1346.jpg,Indiferencia,1,train
924.jpg,Diversión,0,train
769.jpg,Indiferencia,1,train
823.jpg,Curiosidad,0,train
1389.jpg,Indiferencia,1,train
898.jpg,Diversión,0,train
1293.jpg,Diversión,0,train
1230.jpg,Felicidad,0,train
176.jpg,Felicidad,0,train
718.jpg,Indiferencia,1,train
783.jpg,Felicidad,0,train
1363.jpg,Felicidad,0,train
445.jpg,Indiferencia,1,train
137.jpg,Indiferencia,1,train
1086.jpg,Felicidad,0,train
1240.jpg,Diversión,0,train
794.jpg,Diversión,0,train
1175.jpg,Felicidad,0,train
592.jpg,Indiferencia,1,train
1944.jpg,Felicidad,0,train
1559.jpg,Felicidad,0,train
495.jpg,Curiosidad,0,train
1457.jpg,Indiferencia,1,train
1798.jpg,Felicidad,0,train
1452.jpg,Felicidad,0,train
1754.jpg,Indiferencia,1,train
774.jpg,Indiferencia,1,train
1554.jpg,Indiferencia,1,train
1751.jpg,Indiferencia,1,train
1924.jpg,Felicidad,0,train
239.jpg,Indiferencia,1,train
1985.jpg,Felicidad,0,train
1682.jpg,Diversión,0,train
1438.jpg,Indiferencia,1,train
1636.jpg,Felicidad,0,train
1315.jpg,Felicidad,0,train
91.jpg,Diversión,0,train
1470.jpg,Indiferencia,1,train
1926.jpg,Miedo,2,train
1243.jpg,Felicidad,0,train
540.jpg,Indiferencia,1,train
1600.jpg,Felicidad,0,train
291.jpg,Indiferencia,1,train
246.jpg,Indiferencia,1,train
1473.jpg,Felicidad,0,train
1525.jpg,Felicidad,0,train
1042.jpg,Curiosidad,0,train
1122.jpg,Diversión,0,train
339.jpg,Indiferencia,1,train
297.jpg,Indiferencia,1,train
778.jpg,Indiferencia,1,train
1744.jpg,Indiferencia,1,train
101.jpg,Indiferencia,1,train
524.jpg,Felicidad,0,train
1444.jpg,Felicidad,0,train
1209.jpg,Felicidad,0,train
323.jpg,Indiferencia,1,train
1253.jpg,Indiferencia,1,train
1835.jpg,Felicidad,0,train
1627.jpg,Curiosidad,0,train
936.jpg,Indiferencia,1,train
104.jpg,Felicidad,0,train
1362.jpg,Indiferencia,1,train
1615.jpg,Curiosidad,0,train
1053.jpg,Felicidad,0,train
1174.jpg,Felicidad,0,train
1803.jpg,Felicidad,0,train
815.jpg,Indiferencia,1,train
1140.jpg,Indiferencia,1,train
1808.jpg,Felicidad,0,train
244.jpg,Curiosidad,0,train
252.jpg,Felicidad,0,train
125.jpg,Indiferencia,1,train
578.jpg,Indiferencia,1,train
1572.jpg,Curiosidad,0,train
971.jpg,Felicidad,0,train
721.jpg,Felicidad,0,train
931.jpg,Indiferencia,1,train
913.jpg,Diversión,0,train
575.jpg,Indiferencia,1,train
1492.jpg,Indiferencia,1,train
421.jpg,Indiferencia,1,train
1320.jpg,Curiosidad,0,train
1639.jpg,Felicidad,0,train
719.jpg,Diversión,0,train
1594.jpg,Felicidad,0,train
862.jpg,Indiferencia,1,train
1790.jpg,Felicidad,0,train
1761.jpg,Diversión,0,train
1679.jpg,Felicidad,0,train
564.jpg,Felicidad,0,train
655.jpg,Curiosidad,0,train
116.jpg,Felicidad,0,train
676.jpg,Indiferencia,1,train
966.jpg,Indiferencia,1,train
185.jpg,Felicidad,0,train
895.jpg,Felicidad,0,train
1216.jpg,Felicidad,0,train
230.jpg,Felicidad,0,train
825.jpg,Indiferencia,1,train
1632.jpg,Diversión,0,train
1938.jpg,Indiferencia,1,train
1797.jpg,Felicidad,0,train
1838.jpg,Indiferencia,1,train
844.jpg,Felicidad,0,train
1172.jpg,Indiferencia,1,train
353.jpg,Diversión,0,train
402.jpg,Indiferencia,1,train
780.jpg,Indiferencia,1,train
1245.jpg,Indiferencia,1,train
946.jpg,Indiferencia,1,train
1022.jpg,Indiferencia,1,train
1123.jpg,Curiosidad,0,train
1777.jpg,Felicidad,0,train
1582.jpg,Felicidad,0,train
1250.jpg,Indiferencia,1,train
1697.jpg,Diversión,0,train
893.jpg,Indiferencia,1,train
722.jpg,Diversión,0,train
1508.jpg,Indiferencia,1,train
133.jpg,Curiosidad,0,train
432.jpg,Felicidad,0,train
707.jpg,Indiferencia,1,train
1000.jpg,Indiferencia,1,train
1699.jpg,Curiosidad,0,train
859.jpg,Indiferencia,1,train
761.jpg,Felicidad,0,train
1112.jpg,Indiferencia,1,train
1607.jpg,Indiferencia,1,train
1836.jpg,Felicidad,0,train
1806.jpg,Miedo,2,train
168.jpg,Curiosidad,0,train
1537.jpg,Felicidad,0,train
419.jpg,Felicidad,0,train
642.jpg,Felicidad,0,train
1476.jpg,Diversión,0,train
409.jpg,Diversión,0,train
951.jpg,Indiferencia,1,train
1252.jpg,Felicidad,0,train
1915.jpg,Indiferencia,1,train
450.jpg,Miedo,2,train
392.jpg,Indiferencia,1,train
1181.jpg,Felicidad,0,train
1458.jpg,Indiferencia,1,train
753.jpg,Indiferencia,1,train
1991.jpg,Felicidad,0,train
165.jpg,Indiferencia,1,train
1637.jpg,Indiferencia,1,train
846.jpg,Indiferencia,1,train
1285.jpg,Indiferencia,1,train
399.jpg,Indiferencia,1,train
908.jpg,Felicidad,0,train
1370.jpg,Indiferencia,1,train
1025.jpg,Indiferencia,1,train
162.jpg,Indiferencia,1,train
1535.jpg,Curiosidad,0,train
703.jpg,Felicidad,0,train
916.jpg,Felicidad,0,train
491.jpg,Felicidad,0,train
513.jpg,Diversión,0,train
47.jpg,Diversión,0,train
183.jpg,Felicidad,0,train
1710.jpg,Felicidad,0,train
1004.jpg,Felicidad,0,train
892.jpg,Indiferencia,1,train
444.jpg,Indiferencia,1,train
373.jpg,Felicidad,0,train
223.jpg,Indiferencia,1,train
1409.jpg,Diversión,0,train
1262.jpg,Desagrado,2,train
1117.jpg,Felicidad,0,train
935.jpg,Indiferencia,1,train
1463.jpg,Indiferencia,1,train
1805.jpg,Miedo,2,train
942.jpg,Indiferencia,1,train
1781.jpg,Indiferencia,1,train
68.jpg,Diversión,0,train
215.jpg,Diversión,0,train
1899.jpg,Felicidad,0,train
1995.jpg,Indiferencia,1,train
765.jpg,Indiferencia,1,train
797.jpg,Curiosidad,0,train
356.jpg,Indiferencia,1,train
1953.jpg,Indiferencia,1,train
517.jpg,Felicidad,0,train
410.jpg,Felicidad,0,train
1284.jpg,Felicidad,0,train
1673.jpg,Felicidad,0,train
798.jpg,Felicidad,0,train
1654.jpg,Felicidad,0,train
1127.jpg,Indiferencia,1,train
832.jpg,Felicidad,0,train
827.jpg,Indiferencia,1,train
1235.jpg,Indiferencia,1,train
1655.jpg,Felicidad,0,train
51.jpg,Felicidad,0,train
1946.jpg,Indiferencia,1,train
833.jpg,Indiferencia,1,train
1870.jpg,Felicidad,0,train
1563.jpg,Felicidad,0,train
1765.jpg,Felicidad,0,train
1718.jpg,Felicidad,0,train
452.jpg,Indiferencia,1,train
182.jpg,Felicidad,0,train
1597.jpg,Felicidad,0,train
1198.jpg,Curiosidad,0,train
293.jpg,Felicidad,0,train
948.jpg,Diversión,0,train
1855.jpg,Indiferencia,1,train
646.jpg,Desagrado,2,train
475.jpg,Diversión,0,train
1105.jpg,Felicidad,0,train
1999.jpg,Indiferencia,1,train
1635.jpg,Indiferencia,1,train
1221.jpg,Felicidad,0,train
1734.jpg,Indiferencia,1,train
458.jpg,Felicidad,0,train
932.jpg,Indiferencia,1,train
556.jpg,Curiosidad,0,train
589.jpg,Indiferencia,1,train
442.jpg,Felicidad,0,train
1037.jpg,Indiferencia,1,train
618.jpg,Felicidad,0,train
1264.jpg,Indiferencia,1,train
501.jpg,Felicidad,0,train
1955.jpg,Felicidad,0,train
1686.jpg,Indiferencia,1,train
623.jpg,Indiferencia,1,train
1344.jpg,Felicidad,0,train
1726.jpg,Indiferencia,1,train
147.jpg,Diversión,0,train
1603.jpg,Indiferencia,1,train
1280.jpg,Curiosidad,0,train
1675.jpg,Indiferencia,1,train
1625.jpg,Diversión,0,train
1377.jpg,Diversión,0,train
619.jpg,Indiferencia,1,train
1860.jpg,Diversión,0,train
1847.jpg,Diversión,0,train
1611.jpg,Curiosidad,0,val
1472.jpg,Felicidad,0,val
1990.jpg,Felicidad,0,val
1352.jpg,Diversión,0,val
1909.jpg,Curiosidad,0,val
866.jpg,Felicidad,0,val
1827.jpg,Indiferencia,1,val
1070.jpg,Felicidad,0,val
1792.jpg,Indiferencia,1,val
745.jpg,Indiferencia,1,val
391.jpg,Indiferencia,1,val
1408.jpg,Indiferencia,1,val
1477.jpg,Felicidad,0,val
1288.jpg,Indiferencia,1,val
283.jpg,Curiosidad,0,val
1291.jpg,Indiferencia,1,val
343.jpg,Indiferencia,1,val
838.jpg,Felicidad,0,val
110.jpg,Indiferencia,1,val
1951.jpg,Diversión,0,val
1578.jpg,Felicidad,0,val
1902.jpg,Diversión,0,val
1059.jpg,Indiferencia,1,val
1692.jpg,Diversión,0,val
810.jpg,Felicidad,0,val
711.jpg,Indiferencia,1,val
1165.jpg,Felicidad,0,val
1883.jpg,Felicidad,0,val
321.jpg,Diversión,0,val
44.jpg,Felicidad,0,val
1897.jpg,Felicidad,0,val
473.jpg,Indiferencia,1,val
1349.jpg,Curiosidad,0,val
519.jpg,Diversión,0,val
1680.jpg,Diversión,0,val
365.jpg,Indiferencia,1,val
735.jpg,Diversión,0,val
746.jpg,Indiferencia,1,val
1055.jpg,Curiosidad,0,val
1475.jpg,Indiferencia,1,val
822.jpg,Indiferencia,1,val
614.jpg,Curiosidad,0,val
1244.jpg,Indiferencia,1,val
1743.jpg,Indiferencia,1,val
448.jpg,Indiferencia,1,val
737.jpg,Indiferencia,1,val
687.jpg,Diversión,0,val
1774.jpg,Felicidad,0,val
876.jpg,Indiferencia,1,val
494.jpg,Diversión,0,val
1411.jpg,Curiosidad,0,val
1557.jpg,Curiosidad,0,val
799.jpg,Felicidad,0,val
1506.jpg,Curiosidad,0,val
1372.jpg,Felicidad,0,val
1227.jpg,Indiferencia,1,val
296.jpg,Indiferencia,1,val
1480.jpg,Indiferencia,1,val
315.jpg,Indiferencia,1,val
1187.jpg,Felicidad,0,val
1013.jpg,Diversión,0,val
1213.jpg,Curiosidad,0,val
1986.jpg,Indiferencia,1,val
616.jpg,Indiferencia,1,val
1681.jpg,Felicidad,0,val
481.jpg,Felicidad,0,val
617.jpg,Indiferencia,1,val
1766.jpg,Indiferencia,1,val
806.jpg,Felicidad,0,val
1662.jpg,Felicidad,0,val
1884.jpg,Miedo,2,val
691.jpg,Curiosidad,0,val
522.jpg,Curiosidad,0,val
1368.jpg,Indiferencia,1,val
338.jpg,Felicidad,0,val
48.jpg,Diversión,0,val
1763.jpg,Indiferencia,1,val
1620.jpg,Curiosidad,0,val
996.jpg,Felicidad,0,val
96.jpg,Felicidad,0,val
217.jpg,Curiosidad,0,val
340.jpg,Indiferencia,1,val
1513.jpg,Desagrado,2,val
1590.jpg,Felicidad,0,val
851.jpg,Indiferencia,1,val
328.jpg,Indiferencia,1,val
805.jpg,Diversión,0,val
270.jpg,Felicidad,0,val
1672.jpg,Felicidad,0,val
180.jpg,Felicidad,0,val
371.jpg,Indiferencia,1,val
265.jpg,Indiferencia,1,val
1139.jpg,Indiferencia,1,val
757.jpg,Felicidad,0,val
1338.jpg,Felicidad,0,val
1992.jpg,Indiferencia,1,val
1663.jpg,Curiosidad,0,val
32.jpg,Felicidad,0,val
447.jpg,Curiosidad,0,val
1325.jpg,Indiferencia,1,val
689.jpg,Indiferencia,1,val
470.jpg,Felicidad,0,val
1996.jpg,Indiferencia,1,val
146.jpg,Felicidad,0,val
1685.jpg,Felicidad,0,val
1220.jpg,Felicidad,0,val
1843.jpg,Felicidad,0,val
407.jpg,Diversión,0,val
889.jpg,Felicidad,0,val
1065.jpg,Felicidad,0,val
1665.jpg,Indiferencia,1,val
919.jpg,Felicidad,0,val
451.jpg,Diversión,0,val
23.jpg,Felicidad,0,val
811.jpg,Diversión,0,val
865.jpg,Curiosidad,0,val
382.jpg,Diversión,0,val
1606.jpg,Curiosidad,0,val
349.jpg,Felicidad,0,val
1233.jpg,Indiferencia,1,val
1618.jpg,Felicidad,0,val
158.jpg,Felicidad,0,val
424.jpg,Miedo,2,val
1609.jpg,Curiosidad,0,val
1102.jpg,Indiferencia,1,val
404.jpg,Curiosidad,0,val
100.jpg,Indiferencia,1,val
1532.jpg,Curiosidad,0,val
202.jpg,Felicidad,0,val
1238.jpg,Indiferencia,1,val
1369.jpg,Curiosidad,0,val
1628.jpg,Diversión,0,val
1178.jpg,Diversión,0,val
788.jpg,Felicidad,0,val
43.jpg,Curiosidad,0,val
1214.jpg,Felicidad,0,val
362.jpg,Felicidad,0,val
108.jpg,Felicidad,0,val
1201.jpg,Indiferencia,1,val
912.jpg,Indiferencia,1,val
1801.jpg,Indiferencia,1,val
1215.jpg,Felicidad,0,val
911.jpg,Indiferencia,1,val
172.jpg,Indiferencia,1,val
1341.jpg,Indiferencia,1,val
671.jpg,Desagrado,2,val
1966.jpg,Indiferencia,1,val
207.jpg,Indiferencia,1,val
1450.jpg,Felicidad,0,val
1962.jpg,Indiferencia,1,val
366.jpg,Felicidad,0,val
1099.jpg,Indiferencia,1,val
1501.jpg,Curiosidad,0,val
1110.jpg,Indiferencia,1,val
1008.jpg,Felicidad,0,val
360.jpg,Felicidad,0,val
1301.jpg,Indiferencia,1,val
1448.jpg,Felicidad,0,val
109.jpg,Indiferencia,1,val
201.jpg,Indiferencia,1,val
645.jpg,Curiosidad,0,val
1612.jpg,Indiferencia,1,val
1367.jpg,Diversión,0,val
302.jpg,Indiferencia,1,val
1203.jpg,Indiferencia,1,val
802.jpg,Felicidad,0,val
1461.jpg,Diversión,0,val
1967.jpg,Indiferencia,1,val
490.jpg,Felicidad,0,val
1873.jpg,Felicidad,0,val
1556.jpg,Diversión,0,val
386.jpg,Felicidad,0,val
184.jpg,Miedo,2,val
968.jpg,Felicidad,0,val
295.jpg,Felicidad,0,val
1143.jpg,Indiferencia,1,val
1787.jpg,Indiferencia,1,val
83.jpg,Diversión,0,val
398.jpg,Indiferencia,1,val
1328.jpg,Felicidad,0,val
772.jpg,Diversión,0,val
1205.jpg,Indiferencia,1,val
153.jpg,Diversión,0,val
152.jpg,Indiferencia,1,val
1509.jpg,Felicidad,0,val
196.jpg,Indiferencia,1,val
1854.jpg,Diversión,0,val
456.jpg,Felicidad,0,val
464.jpg,Indiferencia,1,val
55.jpg,Diversión,0,val
613.jpg,Felicidad,0,val
738.jpg,Desagrado,2,val
1907.jpg,Felicidad,0,val
21.jpg,Felicidad,0,val
1136.jpg,Indiferencia,1,val
449.jpg,Felicidad,0,val
1658.jpg,Felicidad,0,val
909.jpg,Felicidad,0,val
985.jpg,Indiferencia,1,val
1188.jpg,Desagrado,2,val
261.jpg,Felicidad,0,val
736.jpg,Diversión,0,val
960.jpg,Indiferencia,1,val
281.jpg,Indiferencia,1,val
301.jpg,Felicidad,0,val
1314.jpg,Felicidad,0,val
1908.jpg,Indiferencia,1,val
1083.jpg,Felicidad,0,val
743.jpg,Indiferencia,1,val
835.jpg,Indiferencia,1,val
480.jpg,Desagrado,2,val
950.jpg,Indiferencia,1,val
681.jpg,Indiferencia,1,val
413.jpg,Curiosidad,0,val
150.jpg,Felicidad,0,val
1468.jpg,Felicidad,0,val
603.jpg,Indiferencia,1,val
1648.jpg,Curiosidad,0,val
460.jpg,Curiosidad,0,val
204.jpg,Indiferencia,1,val
842.jpg,Indiferencia,1,val
1401.jpg,Indiferencia,1,val
1194.jpg,Diversión,0,val
1613.jpg,Diversión,0,val
1416.jpg,Indiferencia,1,val
1529.jpg,Indiferencia,1,val
1500.jpg,Felicidad,0,val
1149.jpg,Felicidad,0,val
1029.jpg,Felicidad,0,val
1417.jpg,Desagrado,2,val
661.jpg,Indiferencia,1,val
330.jpg,Indiferencia,1,val
264.jpg,Tristeza,2,val
1021.jpg,Indiferencia,1,val
106.jpg,Felicidad,0,val
1623.jpg,Felicidad,0,val
36.jpg,Felicidad,0,val
700.jpg,Felicidad,0,val
1407.jpg,Tristeza,2,val
119.jpg,Diversión,0,val
1423.jpg,Indiferencia,1,val
1771.jpg,Felicidad,0,val
569.jpg,Diversión,0,val
31.jpg,Indiferencia,1,val
62.jpg,Diversión,0,val
148.jpg,Felicidad,0,val
688.jpg,Indiferencia,1,val
1432.jpg,Indiferencia,1,val
624.jpg,Diversión,0,val
1567.jpg,Felicidad,0,val
571.jpg,Indiferencia,1,val
73.jpg,Curiosidad,0,val
939.jpg,Indiferencia,1,val
573.jpg,Diversión,0,val
4.jpg,Indiferencia,1,val
904.jpg,Felicidad,0,val
959.jpg,Indiferencia,1,val
1701.jpg,Indiferencia,1,val
1383.jpg,Indiferencia,1,val
1977.jpg,Indiferencia,1,val
547.jpg,Indiferencia,1,val
984.jpg,Indiferencia,1,val
1108.jpg,Indiferencia,1,val
1819.jpg,Indiferencia,1,val
730.jpg,Felicidad,0,val
1669.jpg,Felicidad,0,val
775.jpg,Indiferencia,1,val
122.jpg,Indiferencia,1,val
940.jpg,Felicidad,0,val
71.jpg,Diversión,0,val
1539.jpg,Felicidad,0,val
631.jpg,Indiferencia,1,val
1714.jpg,Indiferencia,1,val
1937.jpg,Indiferencia,1,val
485.jpg,Indiferencia,1,val
1027.jpg,Diversión,0,val
1678.jpg,Indiferencia,1,val
1490.jpg,Felicidad,0,val
1135.jpg,Diversión,0,val
1196.jpg,Indiferencia,1,val
237.jpg,Indiferencia,1,val
1647.jpg,Diversión,0,val
1087.jpg,Diversión,0,val
319.jpg,Indiferencia,1,val
1720.jpg,Diversión,0,val
607.jpg,Indiferencia,1,val
1619.jpg,Felicidad,0,val
1343.jpg,Indiferencia,1,val
462.jpg,Desagrado,2,val
727.jpg,Indiferencia,1,val
777.jpg,Felicidad,0,val
1664.jpg,Indiferencia,1,val
1057.jpg,Felicidad,0,val
289.jpg,Felicidad,0,val
1880.jpg,Diversión,0,val
61.jpg,Curiosidad,0,val
1268.jpg,Indiferencia,1,val
1297.jpg,Felicidad,0,val
999.jpg,Curiosidad,0,val
1435.jpg,Felicidad,0,val
881.jpg,Indiferencia,1,test
138.jpg,Diversión,0,test
1067.jpg,Felicidad,0,test
511.jpg,Indiferencia,1,test
11.jpg,Felicidad,0,test
1690.jpg,Diversión,0,test
1166.jpg,Felicidad,0,test
538.jpg,Felicidad,0,test
1517.jpg,Felicidad,0,test
52.jpg,Curiosidad,0,test
1802.jpg,Indiferencia,1,test
1152.jpg,Curiosidad,0,test
949.jpg,Felicidad,0,test
1842.jpg,Felicidad,0,test
1939.jpg,Felicidad,0,test
1598.jpg,Miedo,2,test
901.jpg,Felicidad,0,test
706.jpg,Felicidad,0,test
1972.jpg,Felicidad,0,test
598.jpg,Felicidad,0,test
81.jpg,Felicidad,0,test
1486.jpg,Indiferencia,1,test
1732.jpg,Diversión,0,test
639.jpg,Indiferencia,1,test
1494.jpg,Indiferencia,1,test
1439.jpg,Miedo,2,test
1905.jpg,Felicidad,0,test
1327.jpg,Felicidad,0,test
33.jpg,Diversión,0,test
532.jpg,Desagrado,2,test
1577.jpg,Indiferencia,1,test
271.jpg,Indiferencia,1,test
1399.jpg,Indiferencia,1,test
221.jpg,Diversión,0,test
389.jpg,Indiferencia,1,test
1019.jpg,Indiferencia,1,test
420.jpg,Felicidad,0,test
181.jpg,Indiferencia,1,test
29.jpg,Tristeza,2,test
1729.jpg,Indiferencia,1,test
1396.jpg,Diversión,0,test
282.jpg,Indiferencia,1,test
401.jpg,Curiosidad,0,test
1092.jpg,Felicidad,0,test
268.jpg,Indiferencia,1,test
313.jpg,Felicidad,0,test
1900.jpg,Indiferencia,1,test
1400.jpg,Felicidad,0,test
636.jpg,Desagrado,2,test
1281.jpg,Felicidad,0,test
512.jpg,Indiferencia,1,test
1989.jpg,Indiferencia,1,test
226.jpg,Indiferencia,1,test
37.jpg,Indiferencia,1,test
238.jpg,Indiferencia,1,test
1507.jpg,Diversión,0,test
430.jpg,Indiferencia,1,test
697.jpg,Indiferencia,1,test
145.jpg,Indiferencia,1,test
1852.jpg,Tristeza,2,test
923.jpg,Indiferencia,1,test
120.jpg,Indiferencia,1,test
307.jpg,Felicidad,0,test
580.jpg,Indiferencia,1,test
1044.jpg,Felicidad,0,test
1851.jpg,Felicidad,0,test
674.jpg,Indiferencia,1,test
1034.jpg,Felicidad,0,test
211.jpg,Indiferencia,1,test
267.jpg,Curiosidad,0,test
1090.jpg,Diversión,0,test
1945.jpg,Indiferencia,1,test
1255.jpg,Indiferencia,1,test
1387.jpg,Desagrado,2,test
1283.jpg,Indiferencia,1,test
383.jpg,Curiosidad,0,test
203.jpg,Felicidad,0,test
1746.jpg,Felicidad,0,test
280.jpg,Indiferencia,1,test
1447.jpg,Felicidad,0,test
581.jpg,Diversión,0,test
1769.jpg,Felicidad,0,test
744.jpg,Indiferencia,1,test
600.jpg,Curiosidad,0,test
1526.jpg,Indiferencia,1,test
1974.jpg,Felicidad,0,test
12.jpg,Felicidad,0,test
1.jpg,Indiferencia,1,test
331.jpg,Felicidad,0,test
1043.jpg,Diversión,0,test
317.jpg,Desagrado,2,test
1589.jpg,Felicidad,0,test
1800.jpg,Indiferencia,1,test
541.jpg,Curiosidad,0,test
103.jpg,Indiferencia,1,test
809.jpg,Indiferencia,1,test
1081.jpg,Felicidad,0,test
160.jpg,Indiferencia,1,test
8.jpg,Diversión,0,test
189.jpg,Felicidad,0,test
1137.jpg,Indiferencia,1,test
749.jpg,Curiosidad,0,test
255.jpg,Diversión,0,test
1133.jpg,Diversión,0,test
1874.jpg,Curiosidad,0,test
586.jpg,Felicidad,0,test
1371.jpg,Felicidad,0,test
208.jpg,Indiferencia,1,test
1040.jpg,Felicidad,0,test
1586.jpg,Felicidad,0,test
1890.jpg,Indiferencia,1,test
558.jpg,Indiferencia,1,test
1812.jpg,Indiferencia,1,test
609.jpg,Desagrado,2,test
1030.jpg,Indiferencia,1,test
1274.jpg,Diversión,0,test
127.jpg,Indiferencia,1,test
1571.jpg,Indiferencia,1,test
1225.jpg,Felicidad,0,test
1814.jpg,Felicidad,0,test
555.jpg,Indiferencia,1,test
1169.jpg,Indiferencia,1,test
1960.jpg,Indiferencia,1,test
523.jpg,Indiferencia,1,test
329.jpg,Diversión,0,test
311.jpg,Felicidad,0,test
457.jpg,Felicidad,0,test
372.jpg,Diversión,0,test
905.jpg,Indiferencia,1,test
86.jpg,Felicidad,0,test
1033.jpg,Indiferencia,1,test
915.jpg,Indiferencia,1,test
1579.jpg,Indiferencia,1,test
351.jpg,Indiferencia,1,test
92.jpg,Felicidad,0,test
1566.jpg,Indiferencia,1,test
134.jpg,Felicidad,0,test
1794.jpg,Felicidad,0,test
54.jpg,Indiferencia,1,test
1466.jpg,Indiferencia,1,test
1872.jpg,Felicidad,0,test
602.jpg,Felicidad,0,test
1018.jpg,Felicidad,0,test
1505.jpg,Felicidad,0,test
1134.jpg,Indiferencia,1,test
1202.jpg,Diversión,0,test
1082.jpg,Felicidad,0,test
1171.jpg,Diversión,0,test
858.jpg,Indiferencia,1,test
1002.jpg,Indiferencia,1,test
1153.jpg,Indiferencia,1,test
599.jpg,Curiosidad,0,test
128.jpg,Felicidad,0,test
1768.jpg,Felicidad,0,test
429.jpg,Felicidad,0,test
1614.jpg,Felicidad,0,test
587.jpg,Diversión,0,test
1608.jpg,Diversión,0,test
1077.jpg,Indiferencia,1,test
1437.jpg,Curiosidad,0,test
1642.jpg,Curiosidad,0,test
1076.jpg,Diversión,0,test
1298.jpg,Felicidad,0,test
890.jpg,Indiferencia,1,test
1273.jpg,Indiferencia,1,test
695.jpg,Curiosidad,0,test
390.jpg,Indiferencia,1,test
20.jpg,Curiosidad,0,test
1381.jpg,Felicidad,0,test
910.jpg,Indiferencia,1,test
504.jpg,Felicidad,0,test
1503.jpg,Diversión,0,test
187.jpg,Indiferencia,1,test
1748.jpg,Indiferencia,1,test
136.jpg,Indiferencia,1,test
801.jpg,Indiferencia,1,test
878.jpg,Felicidad,0,test
979.jpg,Felicidad,0,test
427.jpg,Felicidad,0,test
9.jpg,Diversión,0,test
1180.jpg,Indiferencia,1,test
1866.jpg,Felicidad,0,test
531.jpg,Indiferencia,1,test
1780.jpg,Felicidad,0,test
710.jpg,Felicidad,0,test
1186.jpg,Diversión,0,test
1219.jpg,Indiferencia,1,test
632.jpg,Felicidad,0,test
900.jpg,Indiferencia,1,test
867.jpg,Indiferencia,1,test
15.jpg,Curiosidad,0,test
1749.jpg,Felicidad,0,test
1258.jpg,Indiferencia,1,test
705.jpg,Indiferencia,1,test
644.jpg,Indiferencia,1,test
258.jpg,Curiosidad,0,test
790.jpg,Indiferencia,1,test
1236.jpg,Indiferencia,1,test
1721.jpg,Indiferencia,1,test
1120.jpg,Indiferencia,1,test
1903.jpg,Felicidad,0,test
1958.jpg,Felicidad,0,test
1536.jpg,Felicidad,0,test
1026.jpg,Curiosidad,0,test
1415.jpg,Diversión,0,test
1348.jpg,Diversión,0,test
1813.jpg,Felicidad,0,test
39.jpg,Diversión,0,test
813.jpg,Diversión,0,test
1373.jpg,Felicidad,0,test
1717.jpg,Diversión,0,test
927.jpg,Indiferencia,1,test
978.jpg,Felicidad,0,test
169.jpg,Felicidad,0,test
1051.jpg,Indiferencia,1,test
1511.jpg,Indiferencia,1,test
1713.jpg,Diversión,0,test
194.jpg,Indiferencia,1,test
864.jpg,Indiferencia,1,test
1959.jpg,Indiferencia,1,test
728.jpg,Indiferencia,1,test
16.jpg,Felicidad,0,test
1445.jpg,Indiferencia,1,test
53.jpg,Felicidad,0,test
1062.jpg,Indiferencia,1,test
1575.jpg,Curiosidad,0,test
1828.jpg,Felicidad,0,test
1267.jpg,Indiferencia,1,test
30.jpg,Felicidad,0,test
507.jpg,Diversión,0,test
807.jpg,Indiferencia,1,test
690.jpg,Diversión,0,test
1023.jpg,Felicidad,0,test
364.jpg,Felicidad,0,test
439.jpg,Diversión,0,test
717.jpg,Indiferencia,1,test
1822.jpg,Indiferencia,1,test
1119.jpg,Felicidad,0,test
1085.jpg,Diversión,0,test
149.jpg,Curiosidad,0,test
1703.jpg,Indiferencia,1,test
1491.jpg,Felicidad,0,test
279.jpg,Indiferencia,1,test
1442.jpg,Felicidad,0,test
1882.jpg,Indiferencia,1,test
1326.jpg,Diversión,0,test
1815.jpg,Felicidad,0,test
1487.jpg,Indiferencia,1,test
1670.jpg,Felicidad,0,test
236.jpg,Curiosidad,0,test
606.jpg,Indiferencia,1,test
529.jpg,Curiosidad,0,test
1218.jpg,Indiferencia,1,test
621.jpg,Desagrado,2,test
1936.jpg,Indiferencia,1,test
1705.jpg,Felicidad,0,test
1039.jpg,Felicidad,0,test
435.jpg,Curiosidad,0,test
1035.jpg,Indiferencia,1,test
40.jpg,Felicidad,0,test
1887.jpg,Diversión,0,test
773.jpg,Diversión,0,test
1716.jpg,Indiferencia,1,test
620.jpg,Felicidad,0,test
1731.jpg,Indiferencia,1,test
355.jpg,Diversión,0,test
1957.jpg,Indiferencia,1,test
1785.jpg,Diversión,0,test
417.jpg,Felicidad,0,test
708.jpg,Felicidad,0,test
637.jpg,Diversión,0,test
453.jpg,Felicidad,0,test
1824.jpg,Felicidad,0,test
975.jpg,Felicidad,0,test
518.jpg,Curiosidad,0,test
1279.jpg,Indiferencia,1,test
1659.jpg,Felicidad,0,test
1676.jpg,Diversión,0,test
1405.jpg,Indiferencia,1,test
1793.jpg,Indiferencia,1,test
1727.jpg,Felicidad,0,test
400.jpg,Indiferencia,1,test
377.jpg,Felicidad,0,test
177.jpg,Diversión,0,test
1886.jpg,Felicidad,0,test
1159.jpg,Desagrado,2,test
1631.jpg,Felicidad,0,test
1390.jpg,Indiferencia,1,test
1626.jpg,Diversión,0,test
76.jpg,Felicidad,0,test
1011.jpg,Diversión,0,test
224.jpg,Indiferencia,1,test
67.jpg,Diversión,0,test
1552.jpg,Felicidad,0,test
1876.jpg,Felicidad,0,test
831.jpg,Indiferencia,1,test
1861.jpg,Felicidad,0,test
964.jpg,Indiferencia,1,test
992.jpg,Indiferencia,1,test
1689.jpg,Indiferencia,1,test
