theme_group,Category,n_images,mean_valence,sd_mean,agreement_mean
Acorns,Object,3,4.65359477124183,0.9180912001874159,0.5555555555555555
Alcohol,Object,8,4.7114044737807115,1.109938738636691,0.594405886667098
Ambulance,Object,3,2.932893289328933,1.0792399519183136,0.6997922014423664
Angry face,Person,5,2.8607843137254902,1.044969628251716,0.7509803921568627
Angry pose,Person,2,2.810185185185185,1.0210732490335026,0.7685185185185186
Animal carcass,Animal,6,2.756172839506173,1.3131290893089564,0.6877269426289034
Archery,Person,2,4.553921568627451,1.1255116079018248,0.47058823529411764
Astronaut,Person,2,5.425108932461874,1.11888669301884,0.7494553376906319
BDSM,Person,3,4.072576702114656,1.5639901501515736,0.4283742099700166
Baby,Person,10,5.649821501758019,1.1489902481032122,0.8700635259604391
Band,Person,2,5.014074936905455,1.1125951533106062,0.6746262861580276
Bar,Scene,3,4.71487737008995,1.1694812437870945,0.557367501456028
Barbeque,Person,2,4.932100562997476,1.2115194233358189,0.6062900407687828
Bark,Object,6,4.269469430603191,0.7826234815526808,0.7147874918210775
Barrels,Object,1,4.207920792079208,0.5712588149546284,0.693069306930693
Beach,Scene,8,5.962545029012705,1.0020362173934416,0.8934558284259798
Bear,Animal,3,5.010053783156093,1.1422382456539193,0.6788901112333455
Bed,Object,1,4.01980198019802,0.9162990562016526,0.6138613861386139
Bee,Animal,1,3.6481481481481484,1.4808106823333043,0.4444444444444444
Biking,Person,1,5.088235294117647,1.0254478970835528,0.6862745098039216
Billiards,Object,1,4.519607843137255,0.8172689628033348,0.5980392156862745
Bird,Animal,5,5.487859962466835,1.1023375089025076,0.8012457128065748
Birthday,Person,1,5.326732673267327,1.1756607579662521,0.7524752475247525
Birthday,Scene,2,5.6764705882352935,0.9994813956093315,0.857843137254902
Bloody knife,Object,2,2.050281498738109,1.0807125304875997,0.8619200155309649
Boat,Object,1,4.574074074074074,1.1290861717543077,0.46296296296296297
Bored face,Person,1,3.6481481481481484,0.7771841674812054,0.6296296296296297
Bored pose,Person,6,3.5535980068595094,1.0088261345142466,0.5694039992234518
Bottle,Object,1,4.176470588235294,0.801134896811242,0.7647058823529411
Boxing,Person,2,3.715686274509804,1.162381287428845,0.4117647058823529
Bricks,Object,1,4.1568627450980395,0.7140055472954167,0.803921568627451
Bridge,Scene,1,5.891089108910891,0.9990094103561779,0.9108910891089109
Bubble,Object,2,4.896039603960396,1.0642106502717237,0.5594059405940595
Building,Scene,2,4.916666666666667,1.309168954577523,0.5555555555555556
Bungee jumping,Person,3,4.693173565722585,1.3000326131276632,0.5947712418300654
Camping,Person,8,4.735703962553118,1.097292509078894,0.6397422830518346
Camping,Scene,1,4.9411764705882355,1.1153610560627798,0.6078431372549019
Candle,Object,1,5.049019607843137,1.0184189939000934,0.6568627450980392
Car,Object,2,4.5731411376431765,1.1869226311429977,0.49684527276257034
Car accident,Object,4,2.2058823529411766,1.0324484436975567,0.8940631808278867
Car crash,Scene,3,1.9574839836924867,0.8065273269108703,0.9737591406199444
Car race,Scene,4,4.324580987510516,1.1119077681330136,0.4809273819538817
Cardboard,Object,3,3.9242919389978215,0.6081422660570438,0.8346042120551925
Cat,Animal,14,5.305466190876791,1.204661663835244,0.7752609294542899
Celebration,Person,1,5.323529411764706,1.10947106036158,0.7647058823529411
Celebration,Scene,1,4.892156862745098,1.0708270399125537,0.6274509803921569
Cemetery,Scene,5,3.269261632045557,1.2869446087919232,0.5947464354278565
Cheerleader,Person,2,5.24606872451951,1.1600160487779094,0.7537856726849156
Child labor,Person,4,3.7969488125283117,1.0768682164247703,0.5415170193489938
Children,Person,1,5.7227722772277225,1.0499410638810933,0.8910891089108911
Chipmunk,Animal,3,5.5588235294117645,0.9751768130601001,0.8660130718954249
City,Scene,1,4.435643564356436,1.0432242480325926,0.44554455445544555
Clean,Object,1,5.046296296296297,1.0798430074477576,0.6203703703703703
Cliff diver,Person,3,5.020871531597604,1.2411801579751387,0.7059686360792942
Cockroach,Animal,4,2.264705882352941,1.2550574462523278,0.8382352941176471
Coffee,Object,1,5.549019607843137,1.0956931978296396,0.8431372549019608
Cold,Object,5,4.839701028926422,1.0213935783314794,0.6074354494272957
Cold,Person,2,5.127450980392156,1.1233208136278863,0.6813725490196079
Cold,Scene,1,5.4907407407407405,1.0366676516641786,0.8333333333333334
Collaboration,Person,1,5.431372549019608,0.9699423676006248,0.8235294117647058
Cotton swabs,Object,3,4.094771241830066,0.623107894989452,0.8169934640522877
Couple,Animal,1,4.9907407407407405,1.278838333628737,0.7129629629629629
Couple,Person,8,5.530637254901961,1.1386721844293497,0.8249591503267973
Crosswalk 1 ,Scene,1,3.962962962962963,0.6687402849454307,0.8240740740740741
Crow,Animal,2,4.556644880174292,1.139818322257581,0.4667755991285403
Cups,Object,4,4.322530414806186,0.6431965354163933,0.7161257792445911
Dancing,Person,9,5.467896081547153,1.0487383557729124,0.8158352327607488
Dead bodies,Person,3,1.2563579887400504,0.7480407543032417,0.9671584805539378
Depressed face,Person,2,3.7943899782135073,0.9602237058368454,0.5043572984749455
Depressed pose,Person,4,3.0228394162945706,0.8869407787236223,0.7313183524234776
Desert,Scene,1,4.0,1.3942471924464686,0.3425925925925926
Dessert,Object,7,5.523967452767685,1.0653742983003045,0.8487179250137898
Dessert,Person,1,5.768518518518518,0.9131078846443359,0.9259259259259259
Destruction,Scene,10,2.316166224465584,1.0689522336215638,0.8486604542807221
Dirt,Scene,5,3.777810133954572,0.8204094678712857,0.7988351776354106
Dock,Scene,1,5.564356435643564,1.023873445149921,0.8118811881188119
Doctor,Person,9,3.9670841811850033,1.134414774126824,0.46907468524630236
Dog,Animal,31,5.013387803043429,1.126951225346382,0.8196981620995749
Dog attack,Animal,3,2.97488441654623,1.322908597913934,0.7158121040862255
Drink,Object,2,4.46078431372549,1.1355511021976443,0.4607843137254902
Dummy,Object,1,1.1574074074074074,0.5496309218239012,0.9814814814814815
Eating,Person,3,5.388216599437722,1.0117687091378327,0.7676179382644147
Elephant,Animal,1,5.862745098039215,0.9753315322227668,0.9215686274509803
Excited face,Person,7,5.363141846397525,1.063271344292116,0.8001674817341679
Exercise,Person,3,4.741466957153231,1.1417611879825709,0.5777051561365287
Explosion,Scene,6,2.3753999582964833,1.4393544167241703,0.7924782674345866
Father,Person,1,6.02970297029703,1.081253398094586,0.900990099009901
Feces,Object,2,2.0735294117647056,1.0318378557662717,0.8970588235294118
Fence,Object,6,3.795670743544943,0.8815015468190209,0.6494370025237818
Ferret,Animal,1,2.803921568627451,1.1943697595386804,0.7647058823529411
Fire,Person,1,4.407407407407407,1.2154537404133505,0.4537037037037037
Fire,Scene,10,2.3941737310985998,1.1628617203698277,0.8310236415798442
Fire hydrant,Object,4,4.274645969498911,0.7623221369697268,0.7436002178649237
Fireman,Person,1,3.0980392156862746,1.4658475325032658,0.6568627450980392
Fireworks,Scene,7,6.01972802322249,0.9930464696433755,0.9152414541174005
Flood,Scene,3,2.3377661295541317,1.0997503525344534,0.8720313207791367
Flowers,Object,10,5.7531795336396385,1.0676717152862785,0.8671331348821157
Food,Object,6,5.371368917937545,1.0580256698809072,0.7687000726216412
Football player,Person,1,4.768518518518518,1.1966189243535927,0.5277777777777778
Frisbee,Person,1,5.588235294117647,1.1718897421903236,0.8137254901960784
Frustrated pose,Person,8,3.0430485450505835,0.956619906681265,0.753414924825816
Funeral,Scene,1,2.9215686274509802,1.1831010980110404,0.7156862745098039
Galaxy,Scene,8,5.59926133544727,1.1331609557700852,0.794470868655493
Garbage dump,Scene,8,2.0413943355119826,0.9814104508568268,0.892088779956427
Gargoyle,Object,2,3.585239651416122,1.3053087797427168,0.4831154684095861
Gazing,Person,7,5.1649548708372235,1.0620693864090935,0.6830843448490508
Goat,Animal,2,5.268518518518518,1.2257302334924458,0.7407407407407407
Gorrila,Animal,1,3.9074074074074074,1.3502304201906314,0.4166666666666667
Grass,Scene,7,5.0187403894451075,1.03604828138749,0.6043232474507956
Graveyard,Scene,4,3.3180814404969907,1.226406514537851,0.5641070234474428
Guitar,Person,1,5.527777777777778,0.9711572568052421,0.8518518518518519
Gun,Object,9,2.8683858581936628,1.4998650577685482,0.675715610776764
Gun,Person,1,2.7450980392156863,1.114141986701323,0.7549019607843137
Hallway,Scene,1,2.611111111111111,1.1260163287384732,0.7592592592592593
Hang gliding,Person,3,5.054466230936819,1.1219915065739734,0.6855482933914306
Hangover,Person,1,2.4158415841584158,0.9302400414159054,0.8811881188118812
Happy face,Person,2,5.333333333333334,1.0222163156302715,0.7592592592592593
Happy pose,Person,2,5.248366013071895,1.1116363086263301,0.7510893246187365
Happy pose,Scene,1,5.742574257425742,0.9864427540058739,0.8910891089108911
Heart,Object,3,4.779230210602759,1.0624538107457608,0.5404865649963689
Horse,Animal,1,5.935185185185185,1.0525727106382432,0.9074074074074074
Horse racing,Animal,1,4.215686274509804,1.539110267477061,0.4411764705882353
House,Scene,1,4.705882352941177,0.8853956467978971,0.5490196078431373
Injury,Person,4,1.8564814814814814,0.9075163784648439,0.9511165577342048
Intensity,Person,1,2.8137254901960786,1.1408733163231894,0.7745098039215687
Jail,Scene,5,2.388927716301042,1.1506197290686424,0.8249304342198925
KKK rally,Person,2,1.299019607843137,0.8043343294265435,0.9754901960784313
Keyboard,Object,3,4.202970297029704,0.6986117801465358,0.7674238012036497
Keys,Object,1,4.02970297029703,0.6550640509836341,0.801980198019802
Knife,Object,2,3.2941176470588234,1.131184266826121,0.5637254901960784
Lake,Scene,17,6.011895970450563,0.951602364228219,0.8944547857323218
Lamb,Animal,1,5.754901960784314,0.9589213671166937,0.9117647058823529
Lava,Scene,1,4.055555555555555,1.5875292819925562,0.37037037037037035
Lightning,Scene,7,4.499570125079734,1.3074154887768914,0.49418975510996477
Lion,Animal,5,4.394810069242219,1.3653409526311253,0.5874662956491727
Massage,Person,2,5.730392156862745,1.0713338350848476,0.8823529411764706
Meerkat,Animal,1,4.953703703703703,1.1791352705073235,0.6111111111111112
Memorial,Scene,3,3.5608727539420606,1.4242628254717757,0.6200611891254485
Miserable face,Person,2,3.056493884682586,1.1187016333319852,0.6987478159580665
Miserable pose,Person,5,2.3994553376906316,0.8461417967503955,0.8668845315904139
Money,Object,1,4.96039603960396,1.14822290587854,0.6336633663366337
Monkey,Animal,4,3.845545093725059,1.1947880958335981,0.5549542699367976
Moon,Scene,1,5.2745098039215685,1.1786622955001251,0.6764705882352942
Mother,Person,9,5.904219125616265,1.1759049663826064,0.872993018256074
Motocross,Person,1,4.777777777777778,1.016989632578713,0.5833333333333334
Musician,Person,1,5.407407407407407,0.9475698089050515,0.8333333333333334
Nature,Scene,2,5.892739273927393,1.0096272183883737,0.8819161327897496
Neonazi,Person,1,2.0392156862745097,1.4753524071543243,0.8725490196078431
Neutral face,Person,5,4.402628400094911,0.9062419182181554,0.6176502944412088
Neutral pose,Person,2,4.435352358765288,0.7916666095664959,0.7243739079790332
Neutral pose,Scene,1,5.254901960784314,1.1229934758175537,0.7843137254901961
Nude couple,Person,14,5.3319705219821705,1.3038271634654115,0.7917259863241226
Nude man,Person,23,4.0723627136797225,1.3480668381044945,0.4879168436877788
Nude woman,Person,22,4.966722652657423,1.5453501917027372,0.6125727768855317
Office supplies,Object,5,4.13931059772644,0.6162774362631529,0.7964429776310965
Opossum,Animal,1,3.284313725490196,1.2771987523784512,0.6372549019607843
Orangutan,Animal,1,4.9411764705882355,1.2008538992573898,0.6862745098039216
Ornament,Object,1,5.245098039215686,1.084875997931195,0.7352941176470589
Paintbrush,Object,1,4.064814814814815,0.8783283628857138,0.6388888888888888
Paper,Object,5,4.186934575810523,0.6347935801401137,0.8247524752475247
Paperclips,Object,4,4.17173849737915,0.5773374855903662,0.8010095127159775
Parachuting,Person,3,5.207144243836148,1.1362213107718844,0.7411505856468
Parachuting,Scene,1,5.127450980392157,1.0309235370081744,0.7450980392156863
Parade,Person,1,5.648148148148148,0.9982677970712246,0.8888888888888888
Parasailing,Person,1,5.128712871287129,1.197191432784529,0.7326732673267327
Parasailing,Scene,3,5.367010720679911,1.1417268951377484,0.7633523156237193
Party,Person,1,4.519607843137255,0.9198621523596983,0.46078431372549017
Path,Scene,1,4.813725490196078,1.0121087891753509,0.5294117647058824
Penguins,Animal,2,5.935643564356436,0.9340762600435372,0.9257425742574257
Performance,Scene,2,5.138980564723139,1.1571395068146697,0.6423725705903923
Phone,Object,1,4.509803921568627,0.8294707609981233,0.5882352941176471
Picnic,Person,4,5.385703153648699,1.0926168341163431,0.7364778144481114
Pig,Animal,2,4.616830065359477,1.1818654255270178,0.5280501089324618
Pigeon,Animal,6,4.2826923215197334,1.0540773726827484,0.5800500801714158
Pinecone,Object,4,4.702886710239651,0.9676400373507779,0.5882352941176471
Plane crash,Object,2,2.3237720830906623,1.1824288721203091,0.8280430984274898
Plane crash,Scene,2,2.5245098039215685,1.118541824416609,0.7892156862745098
Police,Person,5,2.9959694989106755,1.2300759143287445,0.7155773420479303
Pollution,Scene,1,2.4752475247524752,1.3311202756020253,0.7821782178217822
Power lines,Scene,1,3.9705882352941178,1.1120926875053156,0.47058823529411764
Present,Object,2,5.5,1.100810260935772,0.803921568627451
Prison,Object,1,2.6203703703703702,1.1817743082963827,0.7777777777777778
Prison,Scene,1,4.029411764705882,1.2304380798622385,0.5392156862745098
Pumpkin,Object,1,4.852941176470588,1.0661029135351368,0.5196078431372549
Raccoon,Animal,1,3.603960396039604,1.2967590980655743,0.5346534653465347
Rafting,Person,6,5.044208424110384,1.122019890704759,0.690631808278867
Railroad,Scene,1,4.264705882352941,1.1162744843986674,0.5196078431372549
Rainbow,Scene,2,6.24445361202787,0.9735803999694987,0.9428401173450678
Research,Scene,1,4.485148514851486,1.375600678875513,0.40594059405940597
Road,Scene,1,5.0588235294117645,1.1674083118470582,0.6470588235294118
Rock climbing,Person,4,4.501361655773421,1.1460435527426145,0.5106209150326797
Rocks,Object,7,4.4023906592339905,0.7931852208065486,0.6984496769004631
Rollercoaster,Scene,3,5.3090014883841325,1.18119933954856,0.7960266614896784
Roofing,Object,5,3.924653249638689,0.5470696102054259,0.7806736556008542
Rooster,Animal,1,4.323529411764706,1.1702734275228108,0.4117647058823529
Rubber duck,Object,1,5.411764705882353,1.0469469160748435,0.8235294117647058
Rugby,Person,2,4.787581699346405,1.0514158323406015,0.6326252723311547
Running away,Person,1,4.578431372549019,1.2140781003944943,0.46078431372549017
Sad face,Person,9,3.156104172508754,1.041509911287977,0.7013722614091474
Sad pose,Person,7,3.0526535146511846,1.029165908626803,0.7059139387328088
Sailing,Scene,3,5.116320455574969,1.0966568720100296,0.7174982204102763
Satellite,Object,1,5.068627450980392,1.2126381021408388,0.5980392156862745
Scared cat,Animal,1,4.607843137254902,1.401250239099426,0.5588235294117647
Scared face,Person,5,3.342379041825751,0.9937015756008705,0.6468096809680968
Scary face,Person,2,2.4086908690869087,1.0509389054331901,0.8144481114778144
School,Person,8,5.214445280312345,1.0904780674322352,0.7209542645441015
Seal,Animal,1,4.637254901960785,1.1326759316171777,0.5196078431372549
Severed finger,Person,1,1.6732673267326732,0.906740435748722,0.9603960396039604
Shark,Animal,11,3.683341373353022,1.2937911614316684,0.4685870547839098
Shooting,Person,1,3.343137254901961,1.3965664971545637,0.5490196078431373
Shot,Object,4,2.564950980392157,1.1032563827398685,0.7412854030501089
Shot,Person,1,3.696078431372549,1.2648266478981056,0.5294117647058824
Siblings,Person,1,6.203703703703703,1.002420055397332,0.9351851851851852
Sidewalk,Object,6,4.3223807674885135,0.9615618785148836,0.6335015854526629
Skier,Person,1,5.472222222222222,0.9115903053100128,0.8611111111111112
Skijump,Scene,2,4.680693069306931,1.1088369219938945,0.5470297029702971
Skinhead,Person,1,3.0555555555555554,1.2885791155655328,0.6666666666666666
Sky,Scene,1,4.647058823529412,0.9296763923674383,0.49019607843137253
Skydiving,Person,4,5.174213744903902,1.225372731206655,0.7345661036691904
Skydiving,Scene,1,5.231481481481482,1.2723257200778488,0.7777777777777778
Skyscraper,Scene,2,4.309912854030501,0.8484086394688786,0.6361655773420479
Sleepy pose,Person,4,3.4730392156862746,1.1232519638663567,0.5269607843137255
Smiling face,Person,1,5.638888888888889,1.171773424985205,0.7777777777777778
Snake,Animal,6,2.895441014689704,1.3618651373876804,0.6541124700705364
Snow,Scene,5,4.401851851851852,0.9966485619573291,0.5480392156862746
Soccer,Object,2,4.4784022519899045,0.8312715965618929,0.5906134731120171
Socks,Object,1,4.203703703703703,0.5596938291745416,0.7592592592592593
Solar panel,Scene,1,5.009803921568627,1.2226824757148165,0.5588235294117647
Soldiers,Person,7,3.717562162378703,1.2178787912361584,0.6071112713512248
Soldiers,Scene,3,3.809344823371226,1.4306946080994962,0.5641029789253436
Soup,Object,1,5.0495049504950495,0.9420853212290528,0.6534653465346535
Spider,Animal,2,2.985294117647059,1.447699387048462,0.6274509803921569
Statue,Object,2,5.186274509803921,1.2582806165053646,0.7086056644880174
Stingray,Animal,3,4.611369960525464,1.1481045580811917,0.5194784184300784
Storage,Object,3,3.911797062059147,0.8515808086946705,0.7149420824435385
Street,Scene,5,4.630065359477124,0.9780024231810465,0.5691721132897604
Sun,Object,1,4.415841584158416,1.358435325900157,0.4158415841584158
Sunflower,Scene,1,5.871287128712871,1.0739028479023012,0.900990099009901
Sunset,Scene,6,6.000181554103122,1.0302351958565676,0.914760348583878
Surgery,Person,5,3.6126070450182275,1.2876632106607093,0.4850859595763498
Surprise,Person,2,4.990196078431373,1.1453143230524283,0.7058823529411764
Swimming,Person,1,5.0594059405940595,1.0081843301521585,0.6534653465346535
Swingset,Object,1,4.313725490196078,0.7309344643844652,0.5784313725490197
Thunderstorm,Scene,11,4.242383552080698,1.3400899849903742,0.5152677032409123
Tickling,Person,1,5.362745098039215,1.2648266478981056,0.7647058823529411
Tiger,Animal,2,5.06736556008542,1.2681619418196992,0.6794797126771501
Timber,Object,4,4.147327110161997,0.9006808033161263,0.6602102612222007
Toast,Person,1,4.801980198019802,1.2885635566800577,0.6336633663366337
Toilet,Object,4,3.455014128863867,0.9686898722579447,0.7082807545460428
Tornado,Scene,5,2.8454183653659486,1.3300140403540233,0.7250630945447486
Torture chamber,Object,1,3.3627450980392157,1.2957601514266588,0.46078431372549017
Traffic,Scene,1,4.623762376237623,1.1300573892375099,0.48514851485148514
Tumor,Person,1,1.4019607843137254,0.7211075628911298,0.9901960784313726
Volcano,Scene,3,3.5928730127914754,1.4258245327375525,0.5257195654205943
Wall,Object,5,4.029372937293729,0.5061544717356021,0.8936711318190642
War,Person,5,2.552637028408723,1.3769169988154981,0.7192907526046722
War,Scene,2,2.0855659095321295,1.205534055812891,0.8763832265579499
War 2 ,Scene,1,2.396039603960396,1.5170972804721,0.801980198019802
Waterfall,Scene,1,5.431372549019608,1.1476174537837431,0.803921568627451
Weapon,Object,1,2.8425925925925926,1.381872203113953,0.7222222222222222
Wedding,Object,4,5.436546840958606,1.117253122888175,0.7885348583877996
Wedding,Person,7,5.790858917824556,1.17026762861113,0.862412291649333
Wedding,Scene,1,4.898148148148148,1.031647034607879,0.5092592592592593
Wedding ring,Object,1,5.754901960784314,1.138317974941679,0.8137254901960784
Windmill,Object,1,3.1666666666666665,1.5131819540849092,0.4537037037037037
Wolf,Animal,2,4.271840419336051,1.2262072114541644,0.754076878276063
Woods,Scene,1,3.784313725490196,1.2713713729389056,0.5
Yarn,Object,4,3.8036438447766345,0.7809138701650249,0.7401044025971224
Yoga,Person,5,4.664814814814815,1.2168287473422392,0.6904139433551199
Zebra,Animal,1,5.805555555555555,0.9614857402272985,0.9074074074074074
