dimension,category,n_images,alpha_interval,ci95,sd_median,alpha_nominal,agreement_mean
Valence,Animal,134,0.507237394070185,"[0.451, 0.555]",1.1905561608206847,,
Valence,Object,200,0.4914367956099315,"[0.441, 0.538]",0.9933533604751299,,
Valence,Person,346,0.5099395990288123,"[0.469, 0.545]",1.1070932131191105,,
Valence,Scene,220,0.613248237305821,"[0.577, 0.647]",1.1063414576463637,,
Arousal,Animal,134,0.08393987174616191,"[0.061, 0.108]",1.68793036316404,,
Arousal,Object,200,0.19264393362889032,"[0.170, 0.214]",1.5434725560264102,,
Arousal,Person,346,0.12683314627122444,"[0.111, 0.145]",1.6702784921155978,,
Arousal,Scene,220,0.1582282045882092,"[0.132, 0.181]",1.7468039117900462,,
Valence (3 clases),Animal,134,,"[0.276, 0.361]",,0.3190453096364403,0.6988001331593504
Valence (3 clases),Object,200,,"[0.328, 0.402]",,0.3646084371734142,0.7164387982915938
Valence (3 clases),Person,346,,"[0.307, 0.361]",,0.3344964525196419,0.6938507802950759
Valence (3 clases),Scene,220,,"[0.381, 0.456]",,0.4184990296122095,0.7289992724762672
