dimension,ID,Gender,r,mae
Valence,471430,Female,0.8172295400552376,0.6158855885588559
Valence,342192,Female,0.8137123783341502,0.9753135313531354
Valence,364843,Male,0.7842203133481456,0.7570517051705171
Valence,243757,Male,0.7673863775068859,0.688932893289329
Valence,256027,Female,0.7698956947429568,1.1347854785478548
Valence,225647,Male,0.5423866192408462,0.9310451045104511
Valence,156502,Female,0.7502313917146676,0.6916611661166115
Valence,189843,Female,0.7932185954113182,0.7703410341034104
Valence,502572,Male,0.8203569267637074,0.9394939493949395
Valence,170085,Male,0.8622257150377015,0.6437843784378438
Valence,569187,Female,0.7277869846834859,0.9010341034103411
Valence,449333,Female,0.9071909150162508,0.6637623762376239
Valence,217042,Female,0.8850077664594989,1.0098129812981298
Valence,431911,Male,0.8465005929183123,0.5402860286028602
Valence,784366,Female,0.8696657232222459,1.0310231023102312
Valence,812763,Male,0.8705746875171556,1.0341914191419141
Valence,749897,Female,0.7271603477912579,1.1321452145214523
Valence,870428,Female,0.7437552193394233,0.733113311331133
Valence,103161,Male,0.7987420842976748,0.8336193619361936
Valence,636098,Female,0.7654182315473852,0.7413861386138615
Valence,303131,Male,0.8878842741657439,0.9728492849284928
Valence,514401,Male,0.8451788023679644,0.6101650165016502
Valence,184378,Male,0.7606939763547067,0.7526512651265126
Valence,308808,Male,0.8015702507449478,1.0392079207920792
Valence,367336,Female,0.7868992696665533,0.8993619361936194
Valence,175308,Female,0.7812794703427994,0.7805500550055005
Valence,145143,Male,0.8083186487161192,0.6914851485148515
Valence,834467,Male,0.1252206925576889,1.5667326732673268
Valence,501136,Female,0.7685920050551447,0.791903190319032
Valence,442426,Female,0.6758123453506378,1.7405500550055004
Valence,589174,Female,0.7929392652013528,0.8601100110011001
Valence,258351,Female,0.7919394514282607,0.7516831683168317
Valence,527951,Male,0.7304037650234404,0.7818701870187018
Valence,281879,Female,0.8201332611254623,0.7867986798679868
Valence,167546,Female,0.7996004965432918,0.6583938393839385
Valence,843056,Female,0.8577099543246441,0.8331793179317931
Valence,324258,Male,0.8710052635042809,0.506930693069307
Valence,431576,Female,0.7740930643728023,0.7476347634763477
Valence,791299,Female,0.4849196184145964,0.9247084708470849
Valence,210846,Female,0.5326861713200852,1.224114411441144
Valence,126682,Male,0.8051293500855828,0.6183498349834983
Valence,557357,Female,0.7366315458559118,0.8284268426842684
Valence,170425,Male,0.6505907873421074,0.8910011001100111
Valence,770119,Male,0.7537437566952825,0.7636523652365237
Valence,600122,Male,0.7451223328704261,0.8132013201320132
Valence,515893,Female,0.8630556150405736,0.9277007700770077
Valence,166154,Female,0.8342964024001396,1.4375357535753577
Valence,501996,Male,0.8567229494917978,0.8338833883388338
Valence,233265,Male,0.8455127462057626,0.7373377337733773
Valence,499920,Male,0.8527319819516371,0.5223322332233223
Valence,292665,Female,0.7134153223766931,1.3900990099009902
Valence,615203,Female,0.6102942824844513,1.0039163916391638
Valence,874041,Male,0.7469780711066044,0.7670847084708471
Valence,654217,Male,0.7697791138200367,0.9596479647964795
Valence,792811,Female,0.661247858065396,1.0737953795379538
Valence,596253,Male,0.6098863299309276,0.7959515951595159
Valence,546239,Male,0.8391199305051452,0.5584158415841585
Valence,497296,Female,0.8455009920212916,0.8295709570957095
Valence,254834,Male,0.8116391150459014,0.613949394939494
Valence,867251,Male,0.8747208870271439,0.6385038503850387
Valence,687459,Female,0.4331795210354562,1.1025742574257424
Valence,417133,Female,0.848542267395029,1.2235863586358633
Valence,442607,Female,0.46254419827660453,1.8807480748074807
Valence,271716,Female,0.7397370327410738,0.817073707370737
Valence,583172,Male,0.874500099002564,0.8191555555555555
Valence,401263,Male,0.6467613633304237,0.7511999999999999
Valence,601606,Female,0.7993038626046943,0.8893777777777777
Valence,839550,Female,0.7947948593121764,0.8696444444444446
Valence,235421,Male,0.2839620824839534,1.2437333333333336
Valence,305966,Female,0.8140683506782225,1.1009333333333335
Valence,784831,Female,0.8598197950226346,0.7738222222222222
Valence,700736,Male,0.827392033067826,0.6670666666666667
Valence,852697,Male,0.6744369883788364,0.7752888888888889
Valence,222564,Male,0.7628688687565289,0.9024888888888889
Valence,200389,Male,0.45773687837191596,1.012
Valence,714854,Female,0.7590370304916385,0.744
Valence,390832,Male,0.7421552051935325,0.6231111111111111
Valence,652818,Male,0.7852393113682916,1.2105777777777778
Valence,297014,Female,0.7658003376743544,0.6931999999999998
Valence,321451,Male,0.8685417585476335,0.5753777777777777
Valence,722920,Male,0.7348907954347714,0.7216444444444444
Valence,176967,Male,0.6551569380589889,0.7526666666666666
Valence,183001,Female,0.8018138860238503,0.6850666666666667
Valence,829552,Female,0.8117817284940324,0.8784444444444444
Valence,195520,Male,0.7032347069037204,0.7087555555555556
Valence,525907,Male,0.8928384894573852,0.7418666666666666
Valence,485238,Female,0.7089575039684348,1.0356444444444444
Valence,192598,Female,0.7405439680893519,0.8988
Valence,397188,Female,0.6821324133880985,1.1286666666666667
Valence,723019,Female,0.8477395629571784,0.6942666666666666
Valence,100004,Male,0.574809131626343,0.7992888888888889
Valence,466416,Female,0.7931669546685159,0.7868444444444446
Valence,444136,Female,0.8143743256719029,1.013111111111111
Valence,457478,Female,0.6712487322778645,0.9781777777777779
Valence,852262,Male,0.8927997910517592,1.0671555555555556
Valence,308412,Male,0.4551480595429213,0.9717333333333332
Valence,347694,Female,0.8037466915478803,0.9251555555555554
Valence,469122,Female,0.695200885640164,0.7263111111111111
Valence,618726,Male,0.8631243004642649,0.6930222222222222
Valence,240692,Female,0.7575835265465699,0.8457333333333333
Valence,374741,Female,0.8246173610601818,0.8473333333333333
Valence,110469,Female,0.8525555422213079,1.0514222222222223
Valence,796793,Male,0.8624816341401137,0.6838222222222223
Valence,147254,Female,0.8208478235045215,0.672088888888889
Valence,186092,Female,0.9059122636601247,0.8412444444444444
Valence,240704,Male,0.5458217526547621,0.8348444444444443
Valence,264804,Female,0.8504339457051255,0.7941333333333334
Valence,486409,Male,0.751864604945911,0.9121333333333331
Valence,722327,Male,0.31809827548198005,1.0139999999999998
Valence,641802,Male,0.8841040679153793,0.6799555555555556
Valence,592275,Male,0.791406720987742,1.1472444444444445
Valence,476508,Female,0.7879082625380682,0.6518666666666667
Valence,384545,Male,0.8333846802321466,0.5700444444444444
Valence,774596,Male,0.6631651265139348,1.027111111111111
Valence,509362,Male,0.7880533901623872,0.9281333333333333
Valence,590407,Female,0.838268534644602,1.2216
Valence,583582,Male,0.7462956135790272,0.6410222222222222
Valence,664339,Female,0.6341798546109123,1.2259999999999998
Valence,159254,Female,0.8152779385645669,0.7872
Valence,736715,Male,0.465021862661472,1.3175555555555556
Valence,256079,Female,0.5896787452654837,0.9197333333333333
Valence,687594,Female,0.7479459296896989,1.1748444444444446
Valence,847609,Male,0.8346712075054152,0.5516444444444444
Valence,706848,Female,0.8937519233654857,0.6022222222222222
Valence,270256,Female,0.7311809514776909,0.7251555555555557
Valence,697959,Male,0.5615534640750685,1.045111111111111
Valence,509113,Male,0.8473069830579506,0.6561777777777777
Valence,725249,Male,0.8635065248876759,0.5170222222222222
Valence,799715,Male,0.7942241523456159,0.6416
Valence,145271,Male,0.7502255148572217,0.6161333333333333
Valence,637852,Female,0.8432395220568178,0.7871999999999999
Valence,509547,Male,0.46385803480691823,1.3172
Valence,305907,Female,0.7015337383264427,0.6928888888888888
Valence,209031,Male,0.5478062349441437,1.031288888888889
Valence,344298,Male,0.822217368666482,0.7287999999999998
Valence,606503,Female,0.822176838195575,1.1528556593977155
Valence,399496,Male,0.6329159168464303,0.8651713395638628
Valence,581701,Male,0.8836747765906038,0.8610176531671858
Valence,341029,Female,0.7579087617551676,0.7015991692627207
Valence,605224,Female,0.7424387627789905,1.0626375908618901
Valence,826954,Female,0.8456673160769562,0.6157840083073729
Valence,381487,Female,0.7578357882843356,0.7366562824506749
Valence,499369,Female,0.7245470528474021,0.8439044652128763
Valence,307463,Male,0.6598766683250116,0.7675597092419523
Valence,552874,Male,0.6832477807684197,1.3216614745586708
Valence,545427,Female,0.7346415281723102,1.3590446521287645
Valence,776844,Male,0.4812289736380033,1.5963032191069573
Valence,503993,Male,0.8233662852793541,0.9465005192107995
Valence,757588,Female,0.8210934410384626,0.815410176531672
Valence,629048,Male,0.7514790591924833,0.7404776739356178
Valence,540562,Male,0.7748402195344849,0.90803738317757
Valence,297544,Female,0.8492241554562128,0.7642367601246105
Valence,758244,Male,0.7467388199483708,0.9842159916926272
Valence,126203,Male,0.6670799929548649,1.3244029075804777
Valence,589085,Male,0.683119660976394,1.234018691588785
Valence,366943,Female,0.7061888701666003,0.8229698857736242
Valence,575380,Male,0.12950623806195524,1.2677466251298029
Valence,373080,Female,0.8017684747494587,0.7825129802699896
Valence,352923,Male,0.8041701781299553,0.8591069574247144
Valence,354959,Male,0.7805436999409125,1.3616199376947042
Valence,576550,Male,0.8592209303697255,0.8376739356178609
Valence,729450,Male,0.7609300237881415,0.7021806853582555
Valence,519020,Female,0.8647024893513864,0.9243198338525441
Valence,717862,Male,0.7239907975997325,0.8782139148494288
Valence,689642,Female,0.8487738213699384,0.9211630321910695
Valence,289543,Female,0.7872914482616208,0.7411422637590862
Valence,512865,Female,0.8498184188879765,0.7658151609553477
Valence,191787,Male,0.7424741776168994,0.7241952232606438
Valence,557015,Female,0.8581763669562849,0.951484942886812
Valence,881084,Male,0.8374974958536374,0.6347248182762202
Valence,786456,Male,0.7896315866377595,1.1445482866043615
Valence,430619,Female,0.7270059609476318,1.1933125649013503
Valence,759620,Male,0.7185737532223789,1.1714641744548286
Valence,586183,Male,0.7910419910452612,1.1541017653167187
Valence,442663,Male,0.8163654414118666,0.6495119418483905
Valence,439651,Male,0.8350043058854435,0.9497403946002078
Valence,584824,Female,0.805094364666948,0.8763032191069573
Valence,860134,Male,0.6581355093487593,0.799293873312565
Valence,881196,Female,0.6565883282004134,1.4877258566978193
Valence,392132,Male,0.606326766162274,0.9548909657320872
Valence,766614,Female,0.8583302981615708,0.9816407061266875
Valence,755427,Male,0.6231442268625064,1.0074766355140188
Valence,722785,Male,0.8395739489301599,0.6230944963655245
Valence,399340,Male,0.8202048303764534,0.7959709241952232
Valence,849924,Male,0.8047973999796021,0.781183800623053
Valence,679762,Male,0.8590180317521812,0.6619730010384215
Valence,821760,Female,0.6988379290128319,0.9111111111111111
Valence,590519,Male,0.5921037348398726,0.8887642782969887
Valence,598210,Female,0.8473750845518805,0.7850882658359294
Valence,533163,Male,0.7016139110107797,0.834932502596054
Valence,416249,Male,0.4973057768792273,0.9568016614745587
Valence,165576,Female,0.6621607682921884,1.0887227414330218
Valence,101514,Male,0.8611659797705516,1.3200048404840488
Valence,109574,Male,0.38131164464640327,1.0379366336633662
Valence,125347,Female,0.8453657921292492,0.7630851485148514
Valence,125876,Female,0.7008850121898796,0.9358464246424643
Valence,138270,Male,0.7604972772258644,1.3562653465346535
Valence,188836,Male,0.8101776555471079,0.619093509350935
Valence,206816,Male,0.8474687224886005,0.7115124312431244
Valence,230655,Male,0.7449023080545379,0.7967925192519253
Valence,237482,Female,0.8370700136455234,0.7698525852585258
Valence,251558,Male,0.8497474611956966,0.670763916391639
Valence,277259,Female,0.7915347600765249,0.7958244224422442
Valence,286009,Female,0.8401563371886606,0.7990807480748074
Valence,297961,Male,0.756981859386887,0.936726512651265
Valence,300557,Female,0.8908441197504736,0.840620902090209
Valence,331437,Female,0.8454106879427524,0.6472655665566557
Valence,334567,Female,0.830995899740641,1.0791247524752476
Valence,337983,Female,0.6945828903256652,1.1197848184818484
Valence,371885,Male,0.710507209897253,0.7112479647964796
Valence,409193,Female,0.8495062654297292,0.7682776677667766
Valence,424167,Male,0.862281036595253,0.8789927392739274
Valence,426261,Female,0.7741907013493772,1.0220950495049506
Valence,426773,Female,0.563488363422309,1.0888437057991514
Valence,428012,Female,0.7896494561384979,0.74152299229923
Valence,433223,,0.8909101202819766,0.9112039603960396
Valence,434232,Female,0.7589691571334725,0.834548294829483
Valence,438791,Male,0.7927621262768875,0.6778926292629264
Valence,447911,Female,0.8197272822602641,0.6944290429042904
Valence,451854,Male,0.6404480096060268,0.8312919691969197
Valence,454645,Male,0.8293607857344757,0.6691797579757975
Valence,455422,Female,0.8760083775249501,0.9550323432343235
Valence,458383,Male,0.7319969173697395,0.9511599559955993
Valence,467679,Male,0.3546989829279855,1.2356044004400437
Valence,467701,Female,0.7074696458613651,0.8865522552255225
Valence,483409,Male,0.7101617608827203,0.930565896589659
Valence,500799,Female,0.21726171804774913,1.5214569856985698
Valence,525795,Female,0.7911104691562943,1.0966385038503852
Valence,542226,Female,0.7847542404033636,1.086596699669967
Valence,569998,Male,0.7543573525297779,0.7938882288228822
Valence,571012,Female,0.8143176675522003,0.7784866886688669
Valence,578345,Female,0.7309627028170725,0.7746143014301429
Valence,586812,Male,0.8979297931698025,0.894570297029703
Valence,608886,Female,0.7980955601802013,0.7100158415841584
Valence,618073,Male,0.24363726346641432,1.2211709570957094
Valence,640584,Female,0.8002569313434009,0.750050605060506
Valence,642886,Female,0.8221951365028374,0.6423375137513752
Valence,643077,Female,0.8964146568812249,0.5375185918591859
Valence,661036,Female,0.8750526721240597,1.0662754675467547
Valence,672402,Male,0.8167518925457343,0.7079036303630364
Valence,699567,Female,0.8235038962730611,0.8032171617161717
Valence,708289,Female,0.7597772080258015,0.7497958195819582
Valence,715829,Female,0.8615184978673182,0.9564404840484049
Valence,719080,Male,0.6865584231077828,0.8546143014301432
Valence,720155,Female,0.8664445339629266,0.90397799779978
Valence,736747,Female,0.8530497715584734,0.8473980198019803
Valence,777381,Male,0.79838200980608,0.8682556655665566
Valence,800563,Male,0.8387004932663603,0.9415669966996699
Valence,840176,Female,0.790603998089234,1.1142402640264026
Valence,849193,Male,0.4957520259060976,1.973383498349835
Valence,861813,Male,0.6502644830033847,0.9331185918591859
Valence,861942,Female,0.6662344878128955,1.0929337733773377
Valence,862784,Female,0.8579468095714338,0.7710063806380637
Valence,865156,Male,0.8313134493474307,1.0773654565456545
Valence,870137,Female,0.7667850315260456,0.6788611661166116
Valence,411394,Female,0.8378429947899578,0.7699889988998899
Valence,239426,Male,0.9095203902417353,0.8246424642464247
Valence,239692,Female,0.8643034094360575,0.6348074807480748
Valence,377158,Male,0.8364650711835111,0.6297029702970298
Valence,120855,Male,0.6430722406726291,0.9094829482948295
Valence,180873,Female,0.8362614686741091,0.7010781078107812
Valence,382032,Female,0.7715994078226641,0.6826842684268427
Valence,131021,Female,0.7288825510166068,0.8582618261826181
Valence,415045,Male,0.8790005780122954,0.631991199119912
Valence,173019,Male,0.7372807423770793,0.8347634763476347
Valence,725117,Female,0.7183592783458066,0.888008800880088
Valence,267323,Male,0.8807002956860762,0.6482728272827283
Valence,267776,Female,0.8129579778016579,0.8090649064906491
Valence,216971,Male,0.4492350507895941,1.162948294829483
Valence,841577,Female,0.843714656806696,0.7505390539053906
Valence,262181,Female,0.7683250436039016,0.8012321232123213
Valence,279722,Male,0.7232095808727642,0.8163696369636965
Valence,485241,Female,0.8544332465945004,0.8646864686468647
Valence,640348,Female,0.8499184586825512,0.6187898789878987
Valence,182305,Female,0.7028351339079814,1.0309350935093509
Valence,104642,Female,0.8997589291081126,0.5564796479647965
Valence,359170,Female,0.830446738679975,0.7015181518151816
Valence,774732,Female,0.7467684344812993,0.6921892189218922
Valence,347308,Male,0.777447797847106,0.5815621562156216
Valence,665875,Female,0.8470173324183233,0.7406820682068207
Valence,309734,Female,0.7956101357532103,0.7081188118811881
Valence,137193,Female,0.754549493869226,1.5229042904290429
Valence,398014,Female,0.7768797902777158,0.8694389438943894
Valence,167201,Male,0.8170379285317104,0.7255445544554455
Valence,524073,Female,0.7534543318566344,0.8901210121012102
Valence,648490,Female,0.8471307216156122,0.9045544554455445
Valence,139037,Male,0.682574007582068,0.8808800880088009
Valence,389120,Male,0.652784901578383,0.8631903190319032
Valence,362865,Female,0.803740834270417,0.7933113311331133
Valence,458880,Male,0.8844278106397943,0.5048184818481849
Valence,282295,Female,0.8369533090941371,0.6411441144114411
Valence,378815,Male,0.6548131582808312,0.9480308030803081
Valence,780709,Male,0.6202030017186926,0.9633443344334433
Valence,171482,Male,0.6062996384068694,1.1296444444444445
Valence,271036,Female,0.656020682682069,0.8202666666666667
Valence,856473,Male,0.4183018105464832,1.1240444444444444
Valence,282496,Male,0.8816132491042523,0.6207111111111111
Valence,410847,Male,0.548356621317861,0.8744
Valence,829581,Male,0.799532542279323,0.6090666666666666
Valence,198078,Male,0.8931928474295268,0.6817777777777777
Valence,541395,Male,0.8198917540710716,1.0707555555555557
Valence,627951,Female,0.8622582378711346,1.0315555555555556
Valence,555372,Male,0.7644315268262944,0.907688888888889
Valence,314560,Male,0.35569725676842356,0.9841777777777778
Valence,175054,Female,0.7873227423311191,0.9513333333333333
Valence,206134,Male,0.6945307517595922,0.8206666666666667
Valence,464776,Male,0.6751759450187469,0.7161333333333333
Valence,257077,Male,0.5510909172262268,0.99
Valence,802077,Female,0.8731159709589084,0.7266222222222223
Valence,201315,Male,0.8410437735069621,0.6521777777777779
Valence,831454,Male,0.43856089811770604,1.1275555555555554
Valence,638270,Male,0.04022513186227738,1.2025333333333332
Valence,877958,Male,0.8900229255189408,0.857688888888889
Valence,433413,Male,0.7009037400037316,0.6933777777777778
Valence,755995,Male,0.8747797335181149,0.7428444444444444
Valence,800822,Female,0.8176223601044105,1.296311111111111
Valence,147502,Female,0.7846889145356459,0.6277333333333334
Valence,247808,Female,0.8287646593542175,0.9289777777777777
Valence,247380,Female,0.8218946399838828,0.6724000000000001
Valence,645415,Male,0.8992980151549511,0.5927111111111112
Valence,608970,Female,0.8824098514554921,0.6019111111111112
Valence,213789,Male,0.8529066181168958,1.0149777777777778
Valence,386737,Female,0.8202291712436769,0.8364444444444444
Valence,848788,Male,0.547313626410736,1.0430321910695743
Valence,108420,Male,0.5040508357012733,0.9129387331256491
Valence,217151,Male,0.8428368165230959,0.5449221183800622
Valence,233008,Male,0.5076023778392427,0.9843821391484944
Valence,634301,Female,0.8439035504235116,0.8040290758047768
Valence,587416,Female,0.8378257958861636,0.791484942886812
Valence,420383,Male,0.8394874650820385,0.8358463136033228
Valence,174424,Male,0.6764649418441875,1.0295742471443405
Valence,284629,Male,0.8948468993264475,0.6676220145379024
Valence,258324,Female,0.8018407441838155,0.8129179646936657
Valence,496428,Female,0.8340092641386123,0.8960747663551402
Valence,575505,Male,0.6873069303015314,1.1136448598130841
Valence,551938,Female,0.7648452669558279,0.8619314641744548
Valence,792403,Female,0.5621804420472819,1.002741433021807
Valence,809200,Male,0.7448618031001781,0.8041121495327103
Valence,105725,Female,0.8309041419652282,0.71472481827622
Valence,102761,Female,0.8593080985081806,0.9195015576323988
Valence,500826,Female,0.8391779158179108,0.6261682242990656
Valence,145220,Female,0.8319734204919703,0.6574039460020767
Valence,172532,Female,0.8472358366704043,1.0280789200415368
Valence,353105,Female,0.8393272799526807,0.6642159916926272
Valence,235358,Male,0.8426137370954221,0.9770716510903428
Valence,244587,Male,0.5974843797528423,0.9636967808930427
Valence,474652,Female,0.5657183569296054,0.8871028037383176
Valence,454791,Male,0.819983892220791,1.3137694704049843
Valence,236620,Female,0.8492413353889949,0.918920041536864
Valence,880735,Male,0.820368794781095,0.8645067497403945
Valence,409534,Female,0.7505837889873647,1.0767601246105918
Valence,674651,Male,0.8495959531397478,0.8444029075804778
Valence,819139,Male,0.8565246804397539,0.9365316718587746
Valence,611842,Male,0.7869725203614033,0.7356593977154725
Valence,420435,Female,0.8895109823008951,0.5823052959501557
Valence,670744,Female,0.8808352819950761,0.5761578400830736
Valence,136233,Female,0.8000053735564749,0.7065835929387331
Valence,212014,Female,0.7669432838036494,0.6835721703011424
Valence,518256,Male,0.8626327941839789,0.5402699896157839
Valence,347457,Female,0.8497518006475849,0.7790238836967809
Valence,838202,Male,0.8171244861612377,0.698276220145379
Valence,410741,Female,0.7200614883618437,0.8552024922118381
Valence,176827,Female,0.8289713764504015,0.8149117341640706
Valence,678792,Male,0.8420322635324563,1.2625129802699897
Valence,387242,Female,0.8120532437248361,1.2216407061266874
Valence,205813,Male,0.34369818871334973,1.3748286604361368
Valence,463939,Female,0.8516843244986013,1.0051505711318796
Valence,770795,Female,0.8262726810644555,0.798213914849429
Valence,415253,Female,0.6880825094264735,0.9157632398753893
Valence,664403,Male,0.6897540165257942,0.9195846313603322
Valence,245485,Female,0.7986759539628768,1.273644859813084
Valence,490448,Female,0.8046959451274236,0.7273520249221184
Valence,150795,Male,0.8365282405418122,0.7212045690550363
Valence,117407,Male,0.8573840900786922,0.8071028037383177
Valence,614095,Female,0.7385230014202235,0.7825350935093509
Valence,359588,Female,0.7912181375794021,0.7733821782178218
Valence,385301,Female,0.6160312807796988,0.8938662266226622
Valence,305586,Female,0.8803825248814092,0.5636479647964797
Valence,127679,Male,0.7247147435016469,0.8728228822882289
Valence,173420,Female,0.8208638931351067,0.6566825082508251
Valence,454619,Female,0.7370840853797597,0.972194499449945
Valence,533196,Male,0.8617672564312974,0.9530961496149615
Valence,649663,Female,0.7599143807871095,0.679652805280528
Valence,124056,Female,0.6155957357848452,1.28180902090209
Valence,425635,Male,0.8697307054067058,0.5937562156215622
Valence,107712,Male,0.5874755026704557,0.8757364136413642
Valence,668623,Male,0.7141704961134295,1.1812061606160618
Valence,859657,Male,0.7822301754310034,0.7678283828382838
Valence,236656,Male,0.15356182196358684,1.1192567656765677
Valence,492790,Female,0.8665690885437275,0.7699498349834983
Valence,213989,Female,0.8020960123994963,0.7915911991199119
Valence,183511,Female,0.8254469552065142,0.7556831683168317
Valence,498972,Female,0.7359071091459886,1.8410965896589662
Valence,666742,Female,0.8428012972043736,0.5979806380638064
Valence,801308,Male,0.8082422965779575,1.3055713971397138
Valence,766101,Male,0.8198930486695668,0.72163300330033
Valence,612090,Male,0.5366370271704274,0.9675295929592959
Valence,445536,Male,0.8377276556267204,0.8495005500550056
Valence,866088,Female,0.8348075767052395,0.7278723872387238
Valence,578625,Male,0.7644156576662209,0.6936369636963696
Valence,546509,Male,0.2842310473200202,1.2261874587458745
Valence,486994,Male,0.7923451653698628,1.0711159515951596
Valence,754895,Male,0.7642195275776128,0.6944382838283828
Valence,657353,Female,0.8379170041335886,0.8965953795379538
Valence,314095,Female,0.7123197615096508,1.1131841584158415
Valence,655633,Male,0.6713538087743417,1.0741082508250825
Valence,179427,Female,0.819794103920428,0.8996748074807481
Valence,519820,Female,0.8027068539265972,0.9368052805280528
Valence,861427,Male,0.8441293279872205,0.6471775577557756
Valence,332093,Female,0.5124217934663852,1.071635203520352
Valence,264123,Female,0.7876994068693198,0.6768365236523654
Valence,627286,Male,0.8344595823637938,0.9385746974697471
Valence,735232,Male,0.7363547201630896,1.1552528052805282
Arousal,340532,Male,0.0006300637883712768,1.411107519640853
Arousal,776707,Female,-0.03369724548531665,1.8360709315375983
Arousal,163773,Male,0.773871361282668,0.8344727272727273
Arousal,828434,Female,0.6343178810450558,1.3832193041526375
Arousal,343263,Male,0.6649139655924206,1.319930864197531
Arousal,693082,Female,0.7022290295824327,1.2791977553310885
Arousal,192449,Male,0.7484957196708475,1.5399178451178452
Arousal,499276,Female,0.7483510521118357,1.8718747474747475
Arousal,735519,Female,0.6211980845224938,1.7049405162738496
Arousal,568166,Male,0.5965469818979855,1.3170442199775532
Arousal,292734,Female,0.5571451044921433,1.353737822671156
Arousal,831837,Female,0.49204034261852786,1.378962514029181
Arousal,526289,Male,0.34444288464663436,1.345885970819304
Arousal,674800,Male,0.5020052347168478,1.36936056998557
Arousal,274687,Male,0.5073488114302711,1.1950747474747474
Arousal,693686,Male,0.6439717399412265,1.7808421997755333
Arousal,781864,Female,-0.05544087278615632,1.2832417508417509
Arousal,462540,Female,0.5431073424710101,2.147828507295174
Arousal,790389,Male,0.37284886661714406,1.4575613916947252
Arousal,401184,Female,0.7641087721029991,1.4796956228956226
Arousal,685980,Male,0.4850474303979958,1.0667160493827161
Arousal,250724,Female,0.7202795929279197,0.8047934704184704
Arousal,303277,Female,0.5783746247695009,1.8437968975468972
Arousal,780561,Male,0.6357261905019506,1.0979977553310887
Arousal,238472,Female,0.7291938994944006,1.5919416386083054
Arousal,139646,Female,0.6302681964030532,1.2462505050505053
Arousal,698549,Female,0.702427085030272,1.1450195286195286
Arousal,399940,Female,0.5509194209169778,1.1798940516273848
Arousal,245601,Female,0.6165285984650196,1.099650729517396
Arousal,631975,Male,0.024694534974796747,1.1543286195286195
Arousal,360024,,-0.0032949336267119812,1.2614069584736252
Arousal,532104,Male,0.4512934657131568,0.9345081930415263
Arousal,456917,Female,0.5593204579676249,1.4259636363636365
Arousal,244848,Female,0.08965122854130111,2.619909764309764
Arousal,880450,Female,0.1497457238972936,2.502398653198653
Arousal,570361,Female,0.5616452149631649,0.8449400673400674
Arousal,404261,Female,0.5078812441841868,1.2425185185185184
Arousal,878262,Female,0.6987204184814484,1.434161167227834
Arousal,259089,Female,0.5822774015336676,1.3140848484848486
Arousal,873077,Male,0.49155329394909236,1.575473849607183
Arousal,113462,Female,0.03355220808851959,1.2766868686868686
Arousal,778150,Male,0.6879861761011683,0.9418859708193041
Arousal,594350,Male,0.27279060175007813,1.0599973063973065
Arousal,227439,Female,0.5767060450372056,1.466672502805836
Arousal,846059,Female,0.5327019391144933,1.1239833894500562
Arousal,289358,Male,0.7691789982732823,1.6016071829405165
Arousal,676917,Male,0.6974571875850859,1.0588641975308641
Arousal,632559,Female,0.6853239812749299,1.311494051627385
Arousal,734091,Female,0.27698616842399776,1.5503856341189675
Arousal,707582,Male,0.3364182631830204,2.217731986531987
Arousal,827191,Female,0.42744433236369134,2.0401039711814315
Arousal,891469,Male,0.6514750220624002,1.2202182963394381
Arousal,705539,Male,0.5197755664536957,1.2817144459543992
Arousal,578805,Female,0.48447475637168164,1.4082357255333375
Arousal,473328,Female,0.12888834913751646,2.415790245691236
Arousal,884391,Male,0.5078432223448673,1.3470467438900753
Arousal,120283,Female,0.7129678865853695,1.4771164175241054
Arousal,899429,Male,0.21099140160605798,1.2191397571129665
Arousal,349523,Male,0.5989177579006787,1.6223969455769105
Arousal,205991,Male,0.7728729724178247,1.169166720593628
Arousal,385594,Male,0.5762594171237391,0.9807838823097995
Arousal,830763,Female,0.7326014629879506,1.4774736297159128
Arousal,133906,Female,0.2794542266229082,1.7161595375223797
Arousal,204440,Female,0.7329744949486429,1.5741180784745141
Arousal,199514,Female,0.04982669488193945,0.7463487133027029
Arousal,554223,Female,0.22032198370736658,0.855448133048599
Arousal,682223,Male,0.2715405195836004,2.315659095321297
Arousal,545182,Male,0.7682972257539586,1.313072326840527
Arousal,839838,Female,0.19468347847281625,1.379944347375914
Arousal,814466,Male,0.6409029103246993,1.304269721089756
Arousal,808013,Male,0.626149989740163,1.2455484371966608
Arousal,177755,Female,0.24939964059728806,2.2961824025539808
Arousal,374920,Male,0.7721488476054315,1.1498479259690675
Arousal,219701,Female,0.2898691280953188,1.7111275049073535
Arousal,490115,Male,0.008881432342466977,1.7251886365107096
Arousal,864159,Female,0.31691731569621107,1.686332750922151
Arousal,241413,Male,0.5669684663870691,2.0537423154080114
Arousal,304247,Female,0.6394874841119533,0.9862240341681227
Arousal,177940,Female,0.5936253173164608,1.5505813326430684
Arousal,266220,Female,0.06097912976489023,1.7684246856058154
Arousal,480681,Female,0.587245449956125,1.929020039258828
Arousal,898440,Male,0.5122175992118393,1.5427179188507087
Arousal,491439,,0.7513563909917768,0.88411139153131
Arousal,479223,Female,0.6907905197791252,0.9636601307189542
Arousal,796141,Female,0.6480702847056545,1.0863849522207125
Arousal,579138,Male,0.6253570669391235,1.234589184408637
Arousal,469885,Male,0.6283612250992751,1.0365145926357342
Arousal,480985,Female,0.6834285034662102,1.3489324618736382
Arousal,208082,Female,0.4644198883274911,2.0445208050216785
Arousal,846631,Male,0.40553360433130337,1.5027455294549064
Arousal,271509,Male,0.797773403538538,1.3826143790849674
Arousal,792696,Female,0.7327675047968658,1.1665596755754009
Arousal,225098,Male,0.7070152122745752,1.3360801570353114
Arousal,809776,Male,0.48675967451727137,1.4986953486896375
Arousal,784454,Female,0.7796019905978231,1.094233136620344
Arousal,249611,Female,0.18667448678059595,1.0230505319711487
Arousal,465498,Male,0.27126341873824633,2.2572950906360387
Arousal,851011,Male,0.745775026894007,1.1347082090657192
Arousal,242960,Female,0.7161691697851957,1.5882107578738076
Arousal,425410,Female,0.5710792540591568,1.1698508788628719
Arousal,116786,Male,0.40501049538400363,2.409701123167714
Arousal,214666,Female,0.5076381079092973,0.8015216701567359
Arousal,309438,Male,0.6284426401314652,1.2127237345855277
Arousal,505282,Female,0.7047428877015155,1.0291604797258709
Arousal,477814,Male,0.32401881159705515,2.0251488038581127
Arousal,264168,Male,0.6835114364372846,1.158932250354295
Arousal,701731,Female,0.23165457255839828,2.498417412272352
Arousal,324166,Male,0.7247102318792564,1.3607272035027604
Arousal,165389,Male,0.25468786489962264,1.1804640734395162
Arousal,754079,Female,0.38531421763677454,1.4877179178035829
Arousal,590582,Male,0.5299753541847787,1.6709351270173658
Arousal,420137,Female,0.6170618618241485,1.5397740973412017
Arousal,861008,Female,0.44981817532557977,1.5756592000338432
Arousal,896510,Male,0.567596977221838,1.105322249719737
Arousal,338766,Female,0.32845195026808216,1.0461831334475538
Arousal,392205,Male,0.15190646615391332,1.0133879053239419
Arousal,213312,Female,0.7584707437014225,1.2393637498149206
Arousal,443389,Female,-0.10511068220272032,1.5635937627478178
Arousal,401213,Male,0.39487842355244107,2.4223009074179833
Arousal,509877,Male,0.7108605310796621,0.7340774583835692
Arousal,220910,Female,0.354515474994954,1.4398794339742371
Arousal,551874,Male,0.7040697722640572,0.8214362163419845
Arousal,296241,Female,0.6146814744660458,1.5695919791864965
Arousal,473617,Female,0.5880472773374018,1.4326759312139095
Arousal,567024,Female,0.6557027612873992,1.8969071641601623
Arousal,891007,Male,0.4461726721423753,1.8107794487805908
Arousal,277561,Female,0.11557119161345254,2.1314046999598113
Arousal,734634,Female,0.5129939944593467,1.2443957949954523
Arousal,766538,Male,0.6117993320049744,1.1827958626816422
Arousal,782719,Female,0.4924527220337419,1.2272364997779046
Arousal,526685,Female,0.5165129903662453,1.4494181102861856
Arousal,658748,Male,0.5247521341073837,1.4919195380417538
Arousal,820955,Male,0.37820184476942514,1.790156735833492
Arousal,114689,Female,0.23441438516895097,1.559263912684815
Arousal,548173,Female,0.4245109195329702,2.1167324491824773
Arousal,293046,Male,0.6918748907334439,0.9796873744103899
Arousal,508208,Male,0.3565396022755619,2.051297248133342
Arousal,800390,Female,0.6475006056626259,1.151677782763591
Arousal,336265,Female,0.498411349294037,1.53695369841572
Arousal,325475,Male,0.1582960814327074,0.919321022907545
Arousal,603506,Female,0.5908718896433051,1.5748380819425933
Arousal,459081,Female,0.4753895569793828,1.4883799733485628
Arousal,779024,Male,0.17766149030403303,1.3026207246652706
Arousal,271455,Female,0.6329287543087019,1.3076498085749941
Arousal,535281,Female,0.434581152195905,0.9584152970789178
Arousal,743652,Male,0.6735968416612156,1.6904499016435055
Arousal,105739,Male,0.5837637894972024,1.3718577743934681
Arousal,775284,Male,0.454108913526362,1.4327444634811854
Arousal,548809,Male,0.40942436547302313,1.4727672622447037
Arousal,883557,Male,0.37703380048622487,2.421524208388857
Arousal,105910,Male,0.76750182319154,1.9679923681257014
Arousal,121599,Female,0.4876893577847933,1.5005867564534232
Arousal,133121,Female,0.5564336814007093,1.4012812570145903
Arousal,170188,Female,0.6250600889801026,1.2279640852974187
Arousal,180089,Female,0.6188905650319968,1.550186756453423
Arousal,180769,Female,0.7298417957291252,1.3804538720538722
Arousal,198182,Male,-0.11378215257926558,1.6458760942760942
Arousal,209214,Female,0.1286165699819613,1.0860808080808082
Arousal,220024,Male,0.7316628904140233,0.9112808080808081
Arousal,221675,Female,0.15205682709793822,2.0991923681257014
Arousal,258751,Male,0.5921742232765069,1.4293423120089785
Arousal,280572,Female,0.7773105966241686,1.2856085297418631
Arousal,301877,Male,0.5143203794415252,1.5884089786756457
Arousal,317295,Male,0.366892868800972,1.1267196408529743
Arousal,340969,Female,0.48284004804686215,1.573059034792368
Arousal,383668,Female,0.7650981005396076,1.1315030303030302
Arousal,400268,Female,0.24179692811130893,1.9259039281705947
Arousal,406896,Male,0.2543241348194501,2.185120538720539
Arousal,407644,Male,0.5463970948802022,1.890614590347924
Arousal,422514,Male,0.5680254384772487,1.120969696969697
Arousal,451902,Male,0.7212570467592357,0.7929696969696969
Arousal,457732,Female,0.6470387280012274,1.447237261503928
Arousal,468542,Male,0.7661128691490874,1.2174141414141415
Arousal,478349,Male,0.4815484760895982,1.4665696969696969
Arousal,487844,Male,0.3577681366644203,2.3426760942760945
Arousal,500376,Male,0.13945250575990756,1.0509252525252524
Arousal,505980,Male,0.7195279536968572,1.2597872053872052
Arousal,526039,Female,0.5535403998922462,1.3371479236812573
Arousal,533285,Female,0.779910771918649,1.0029252525252526
Arousal,548047,Male,-0.19535728331621433,1.540926150392817
Arousal,548600,Male,0.27177422041061605,1.0008363636363635
Arousal,563486,Male,0.09850624454428832,2.1307205387205386
Arousal,589715,Female,0.30004130048852373,2.224542760942761
Arousal,601359,Male,0.33350743437360864,2.4148983164983164
Arousal,606850,Female,0.6305232718470731,1.5770760942760942
Arousal,649476,Male,0.7621660526878077,1.7139923681257014
Arousal,669103,Male,0.10370885543224108,1.493858585858586
Arousal,677844,Male,0.6794629284287704,1.2002141414141414
Arousal,693127,Male,0.5690099917483269,1.5967649831649833
Arousal,708305,Male,0.2686099805339442,1.7091205387205388
Arousal,715197,Female,0.718276935133659,1.416053872053872
Arousal,719913,Female,0.21793405152136394,1.3809696969696967
Arousal,759574,Female,0.6924857938526084,1.287075645342312
Arousal,773927,Male,0.5508949807730195,1.525859034792368
Arousal,778487,Female,0.5280001994902455,1.1506145903479235
Arousal,795916,Male,0.7019733934072807,1.6097427609427606
Arousal,803915,Male,0.5596452420094894,1.594703928170595
Arousal,828151,Female,0.386936096357188,1.2174585858585858
Arousal,828586,Male,0.6461192276992104,0.9938316498316497
Arousal,843498,Male,0.7543065603828091,1.1107030303030305
Arousal,854189,Female,0.512234228128086,1.4526145903479235
Arousal,872171,Male,0.7745586048812104,0.7284821428571429
Arousal,877520,Female,0.6759928844987283,0.7059640852974187
Arousal,893469,Male,0.6398012037663569,1.282036812570146
Arousal,224888,Female,0.7394345923580464,0.9452628507295175
Arousal,635348,Male,0.03365005397183742,0.8869063973063973
Arousal,802516,Male,0.1633186051901646,2.4928875420875425
Arousal,552588,Male,-0.0022041785764996863,1.3065755331088664
Arousal,597762,Female,0.5855496522448985,1.2784852974186307
Arousal,817002,Male,0.8584711460344693,0.9976067340067339
Arousal,397244,Male,0.5885539468614116,1.7033104377104378
Arousal,870978,Female,0.6648212689526477,1.0997961840628507
Arousal,876736,Male,0.7724847356764796,0.5700619528619529
Arousal,338133,Male,0.17122929807188883,2.6144430976430977
Arousal,745467,Male,0.7230034193530404,1.1875631874298542
Arousal,724777,Female,0.7227969604291244,1.5288969696969696
Arousal,854753,Male,0.4849956441958326,1.3728848484848486
Arousal,649253,,0.46886740828971285,1.8690877665544334
Arousal,399455,Female,0.75238682134859,1.4336210998877665
Arousal,377183,Male,0.4695207019833831,1.0281755331088664
Arousal,238145,Male,-0.016490229943082392,1.5289746352413016
Arousal,704762,Male,0.7371661877519967,1.2462514029180698
Arousal,284957,Female,0.004058593034600321,1.327307744107744
Arousal,138894,Male,-0.0016784875512870418,0.780284175084175
Arousal,754536,Male,0.4911151676018128,1.627830303030303
Arousal,271392,Female,0.7313905034571555,1.2888848484848485
Arousal,546129,Female,0.10403411524271375,1.1074630751964085
Arousal,534463,Female,0.6890510472679179,0.8786060606060606
Arousal,286247,Male,0.6814391772557822,1.5573620650953985
Arousal,405139,Male,0.7177069961232402,1.2534047138047137
Arousal,736984,Female,0.5290168522985242,1.3233616161616162
Arousal,123974,Male,0.20742959560976118,1.0807838383838384
Arousal,871356,Male,0.08221016659224085,1.4623842873176207
Arousal,855896,Female,0.22623619426262576,2.324708417508418
Arousal,702948,Female,0.4729544127475139,1.7924080808080807
Arousal,300434,Male,0.6321019160597923,1.0618626262626263
Arousal,606389,Male,0.6882942825033364,1.4614971941638608
Arousal,660448,Female,0.5876661916836373,1.238452076318743
Arousal,106697,Male,0.56082480012735,1.1733634118967453
Arousal,406407,Female,0.5475447067639476,2.192873176206509
Arousal,547788,Female,0.644734408648161,1.1681409652076318
Arousal,429328,Female,0.6186838711674562,0.870131088664422
Arousal,609582,Female,0.6979004437924984,1.5012076318742982
Arousal,116963,Male,0.4567230779049427,1.1021607182940516
Arousal,101322,Female,0.5774766252850375,1.7202671156004488
Arousal,508730,Male,0.8167375046977121,1.0632179573512908
Arousal,510843,Male,0.27020756041914595,1.201953310886644
Arousal,284547,Female,0.6251267520710642,0.8556731762065096
Arousal,632093,Female,0.5846606205011217,1.3551537598204266
Arousal,257088,Male,0.05994311803404031,1.1726841750841752
Arousal,297080,Female,0.7144298968042205,1.3202065095398428
Arousal,110935,Male,0.7581096104242554,1.2225602693602695
Arousal,725541,Male,0.7136350616955799,1.0212062850729517
Arousal,508645,Female,0.5590693316423353,1.4765854096520763
Arousal,656941,Female,0.7606288554985431,1.2691631874298541
Arousal,686658,Female,0.5916043168756121,1.1152419163484977
Arousal,386956,Male,0.2442716146152938,1.1904014323000927
Arousal,663993,Male,0.37928196034643563,1.1476999072456262
Arousal,795517,Male,0.2554706230866903,0.7708367307318966
Arousal,787512,Female,0.6187396230788967,1.5988105869410472
Arousal,192806,Male,0.7490288575253431,0.8632904074721197
Arousal,487201,Male,0.6077529204678417,1.389281045751634
Arousal,117790,Female,0.762728846776675,1.076842037144891
Arousal,378046,Male,0.4858121299243844,1.0843245108824608
Arousal,183677,Male,0.5154271516355962,1.2766806876766108
Arousal,151680,Male,0.45128742979646724,1.2732694838111265
Arousal,773248,Female,0.404798689017424,1.3975758752345824
Arousal,148200,Male,0.6611103581189666,1.5287611898444746
Arousal,168733,Male,0.09175157680602418,2.076625035052525
Arousal,121153,Female,0.5321808011920769,0.9957531439418451
Arousal,237297,Male,0.027788526209053904,1.1999055199637612
Arousal,202473,Female,0.5725152128312635,1.1323673936021053
Arousal,117778,Male,0.364941488139499,1.487114044737807
Arousal,771497,Male,0.6899026860177375,0.9139800254535256
Arousal,696545,Male,-0.025720401626315205,0.9684635130179684
Arousal,287068,Male,0.19592956147376256,1.8142526801699776
Arousal,691860,Female,0.1088050943472778,1.2272566684331392
Arousal,141077,Male,0.2739968708028688,2.477925321943959
Arousal,130175,Female,0.6812425936441453,1.2605897452490349
Arousal,408735,Female,0.2313129255138003,1.5637144890959684
Arousal,147476,Male,0.6661878303537879,1.2324187320692852
Arousal,346390,Male,0.07175781926405903,1.4485001833516682
Arousal,624017,Female,0.6089658201323878,1.2407411721564312
Arousal,298652,Female,0.31196725853935553,0.6872201729976919
Arousal,439249,Male,0.34376123412635745,1.5784857309260334
Arousal,344579,Male,-0.10089497607417393,2.604086800836946
Arousal,152066,Female,0.600479101502401,1.4753821264479388
Arousal,189734,Female,0.15520242259671832,2.6359645376302336
Arousal,291044,Female,0.6089447836180442,1.2952505446623095
Arousal,253166,Female,0.5510752540757519,0.9282654932159883
Arousal,345380,Male,0.7072527254033913,1.2896654371319485
Arousal,295666,Female,0.6356367030328444,1.7100148838413254
Arousal,613828,Female,0.0399761950690252,2.5125313315645292
Arousal,380813,Male,0.46938983206947665,2.0204076878276065
Arousal,382781,Male,0.2296467671215563,0.6420785607972561
Arousal,786454,Female,0.45843354276523135,1.5777937401583295
Arousal,703349,Female,0.23816917926249176,1.0542151470048966
Arousal,520728,Male,0.7468273159223427,0.825656291119308
Arousal,233558,Male,0.13491054249722348,1.598716106904808
Arousal,884767,Female,0.6851938592928031,1.4772997691926055
Arousal,793442,Female,0.09050824818468901,2.6719122500485346
Arousal,647013,Male,0.49430912486763934,2.1526607562717057
Arousal,604739,Male,0.4918154792304755,2.0103000496128045
Arousal,466622,Female,0.10444096225548513,1.8367363403006969
Arousal,884247,Male,0.6137746711460108,1.1409076986129985
Arousal,783819,Female,0.702780553967976,1.2871464009146014
Arousal,320495,Female,0.7169155065560278,1.2579529325481569
Arousal,350378,Female,0.5306455853259946,1.5266597640156172
Arousal,665981,Female,0.5859884217591053,1.3465161025906511
Arousal,500374,Female,0.6432284013604673,0.8568627450980393
Arousal,832153,Female,0.3110702274283347,1.4740460320541857
Arousal,771352,Male,0.6047684272087073,1.4850768998468473
Arousal,153655,Female,0.7377269344375009,1.2631609827649433
Arousal,367436,Female,0.5145616890205422,1.3845471213788045
Arousal,869692,Female,0.1856611530203993,2.08737979680321
Arousal,889512,Female,0.6315906495305157,2.0335406222899084
Arousal,632417,Male,0.10087793957431251,1.0536878397529454
Arousal,702828,Female,0.6635982488851175,1.8618444486748316
Arousal,767002,Male,0.6583223359295354,0.8808735748884234
Arousal,484269,Female,0.43200247632688116,1.770670727838061
Arousal,225983,Female,0.5190971636071995,1.221758148782706
Arousal,868632,Male,0.31815027213449604,1.0533274107917168
Arousal,391436,Male,0.729409202371042,1.069349154980223
Arousal,797924,Male,0.17963169155092948,1.294926497028153
Arousal,599068,Female,0.48062957194192807,1.334191678829029
Arousal,683275,Male,0.08630164951936334,1.3088761977282823
Arousal,881679,Male,0.696880232751802,1.1994931996531084
Arousal,527822,Female,0.16332460672684548,2.1946417919918777
Arousal,628870,Male,0.4506554087328413,1.485215643970641
Arousal,180707,Male,0.30699762389515145,1.8750314106225014
Arousal,544328,Female,0.33431431797763,1.7889210398290922
Arousal,376677,Male,0.502114333328969,1.5484040865537154
Arousal,618987,Female,0.6836425565803279,1.2394496266683588
Arousal,310108,Female,0.11994943673775058,1.5264669924064558
Arousal,781888,Male,0.13553089250011782,1.2136912240624407
Arousal,201441,Male,0.5315094159353179,2.014879116695222
Arousal,508366,Female,0.011492444525939092,0.9922444317532838
Arousal,438384,Female,0.47272577960629647,1.419603189711699
Arousal,626482,Female,0.6371792314350254,1.395206548638873
Arousal,505007,Female,0.3763180806231619,1.3980933646381961
Arousal,301816,Female,0.05426903783653632,1.4207238191932654
Arousal,749348,Female,0.48584033612788635,1.0614569452376421
Arousal,769590,Male,0.6607580062048299,1.47343570869556
Arousal,568257,Female,0.5453439085493108,1.1806620555449796
Arousal,689756,Female,0.6253820875610179,1.391534149797999
Arousal,670307,Male,0.038994627276498287,1.230692302811092
Arousal,678320,Female,0.7523655816637583,1.178263849229012
Arousal,564332,Male,0.1459147597329311,1.9397140258476637
Arousal,582428,Female,0.019679237994631917,1.8008549611862004
Arousal,175726,Male,0.5156041888691653,1.4063777312435224
Arousal,403486,Female,-0.027527331448634517,2.155118979630687
Arousal,555859,Female,0.44208453808077636,1.7532800304587852
Arousal,314993,Female,0.2931189103180101,1.7944450790024746
Arousal,396282,Male,0.172456087602857,0.9276925354823699
Arousal,773711,Male,-0.012264477916806843,1.8683173636229033
Arousal,723893,Female,0.560705202877806,1.4303276434629946
Arousal,846093,Female,0.664015310936005,1.2154159527888826
Arousal,385047,Female,0.6387842946992145,1.1070660151870888
Arousal,779551,Male,0.5312509535664022,1.4382850011633561
Arousal,447827,Male,0.5289547571179969,1.3234435349112676
Arousal,203175,Male,0.6447536433742476,1.5473092624320492
Arousal,471657,Female,0.41906838302374044,2.3086202593227148
Arousal,236851,Male,0.3343646143914931,1.4303640852974184
Arousal,577749,Female,0.07928961236551348,1.6373418630751964
Arousal,151518,Female,-0.07045223070768987,2.0506141414141412
Arousal,346318,Female,0.5399587225755429,1.0291640852974187
Arousal,141693,Female,0.5626255269801825,1.292391919191919
Arousal,462180,Male,0.7486587622089084,1.6189701459034793
Arousal,102755,Male,0.5717560474804043,0.9941696969696969
Arousal,116272,Female,0.32877467838150126,1.5218756453423121
Arousal,598713,Male,0.6974248481657831,1.5695205387205386
Arousal,604860,Male,0.32871247206454596,1.5130760942760944
Arousal,486307,Female,0.7482073667693214,1.1215205387205387
Arousal,510825,Female,0.5274356157249548,1.5843645342312007
Arousal,775400,Female,0.6484153005408997,2.640792817059484
Arousal,142261,Male,0.6359943882145801,1.154764534231201
Arousal,302327,Male,0.7975034477744997,0.851475645342312
Arousal,551183,Female,-0.1449694316251175,2.0405872053872054
Arousal,433204,Male,0.7722243188826876,0.8652363636363637
Arousal,559312,Female,0.6329807546542346,1.3616978675645344
Arousal,239366,Male,0.8121464298741452,1.483858585858586
Arousal,618291,Male,0.678744515910029,0.7906756453423119
Arousal,390394,Male,0.7685636958805198,1.0148363636363635
Arousal,358074,Female,0.7658215688666609,1.0965418630751964
Arousal,445495,Female,0.5894587996657733,1.0551200897867565
Arousal,263857,Female,-0.05552826057427086,1.1556808080808083
Arousal,330721,Female,0.625781888986101,1.568897867564534
Arousal,410001,Female,0.4809720287366511,1.470053872053872
Arousal,378619,Female,0.676816830759497,1.3877701459034792
Arousal,856405,Female,0.7020001366257734,0.9727034792368126
Arousal,844719,Female,0.7186303103795147,1.0049252525252523
Arousal,846399,Female,0.4372516875083706,1.156408978675645
Arousal,817981,Female,0.41601585524229584,1.3791030303030307
Arousal,317612,Female,0.6855380941508954,1.4073423120089787
Arousal,382910,Male,0.7472585874779221,1.1878756453423118
Arousal,816856,Female,0.7295896283963805,0.9687030303030302
Arousal,818645,Male,0.5141094287819177,1.4900363636363636
Arousal,701395,Female,0.6596003405662129,1.2565705948372614
Arousal,458088,Female,0.7579741824698734,1.017564534231201
Arousal,372260,Male,0.7174631620640204,0.8506585858585858
Arousal,563684,Male,0.4259382217078,1.090080808080808
Arousal,684862,Male,0.6999795958112761,1.2608529741863075
Arousal,207172,Female,0.4443952495353453,1.7166756453423118
Arousal,432549,Female,0.017344598382617416,1.445191919191919
Arousal,419099,Female,0.47075977495046933,2.050409427609427
Arousal,518154,Female,0.22586806663200032,1.4574594837261505
Arousal,565413,Male,0.7020439312286079,1.1718756453423123
Arousal,771703,Female,0.14316251113359652,0.7528363636363636
Arousal,714439,Male,0.7588294461164147,1.3648089786756454
