r,sim,accuracy,macro_f1,kappa,f1_Negative,f1_Neutral,f1_Positive
1,0,0.7055555555555556,0.6831836555363076,0.5410151551599711,0.7591522157996147,0.5253456221198156,0.7650531286894924
1,1,0.7177777777777777,0.6921603464549442,0.5565539235084616,0.7469879518072289,0.5391705069124424,0.7903225806451613
1,2,0.7111111111111111,0.6862964489170423,0.5432426260035487,0.751004016064257,0.5342789598108747,0.7736063708759955
1,3,0.7244444444444444,0.6996324150032546,0.5632341804476849,0.7707509881422925,0.5472154963680388,0.7809307604994324
1,4,0.7144444444444444,0.685329570716957,0.5487199097830032,0.7713178294573644,0.5048543689320388,0.7798165137614679
1,5,0.7055555555555556,0.670816182027299,0.531365132386894,0.7426326129666012,0.48514851485148514,0.7846674182638106
1,6,0.6844444444444444,0.6605719298146935,0.5049533714883356,0.7250996015936255,0.5057471264367817,0.7508690614136733
1,7,0.7177777777777777,0.6915068551127753,0.5545683053720699,0.7504990019960079,0.5377358490566038,0.7862857142857143
1,8,0.7188888888888889,0.6918405854938953,0.5594355667260664,0.7602339181286549,0.5245901639344263,0.7906976744186046
1,9,0.7044444444444444,0.6780120568716538,0.5328634650057367,0.7786561264822134,0.49282296650717705,0.7625570776255708
1,10,0.6744444444444444,0.6449934850337758,0.4882731693685791,0.69921875,0.4811320754716981,0.7546296296296297
1,11,0.7177777777777777,0.6930677693848796,0.5551127008901638,0.7819253438113949,0.5225653206650831,0.774712643678161
1,12,0.6988888888888889,0.6736728677561984,0.5258415389251242,0.7509881422924901,0.508235294117647,0.761795166858458
1,13,0.6922222222222222,0.6620424387395981,0.5156900494023346,0.7353535353535353,0.47465437788018433,0.7761194029850746
1,14,0.6844444444444444,0.6598918560093504,0.508040534688339,0.7283702213279678,0.49107142857142855,0.7602339181286549
1,15,0.7155555555555555,0.6913594614796654,0.552510138442176,0.7578125,0.5402843601895735,0.7759815242494227
1,16,0.7166666666666667,0.6872809024502833,0.550399351164554,0.7544204322200393,0.5219512195121951,0.7854710556186152
1,17,0.7222222222222222,0.6912519457815326,0.5599521227909597,0.7676767676767676,0.5047169811320755,0.8013620885357549
1,18,0.6822222222222222,0.6555817233131412,0.4994993048601457,0.7544204322200393,0.46808510638297873,0.7442396313364056
1,19,0.7133333333333334,0.6870582896957615,0.5499345835150458,0.7849056603773585,0.5084745762711864,0.7677946324387398
1,20,0.7233333333333334,0.6931100912409475,0.5608913063924508,0.7695238095238095,0.5239294710327456,0.785876993166287
1,21,0.7066666666666667,0.678061923357022,0.5374831374060512,0.7465618860510805,0.5083135391923991,0.7793103448275862
1,22,0.6866666666666666,0.6637740437621319,0.5112877509993761,0.7553816046966731,0.4885844748858447,0.7473560517038778
1,23,0.7177777777777777,0.6897965209573673,0.5540243160145459,0.7768924302788844,0.5071090047393365,0.7853881278538812
1,24,0.6988888888888889,0.6730271881744861,0.5246892648761152,0.728744939271255,0.5209302325581395,0.769406392694064
1,25,0.6955555555555556,0.6718273773346363,0.5186057134825539,0.7638603696098563,0.4965197215777262,0.7551020408163265
1,26,0.7088888888888889,0.6806318333463062,0.5387314920412598,0.7379032258064516,0.5225653206650831,0.7814269535673839
1,27,0.6988888888888889,0.6658899761133256,0.5207865466569999,0.7368421052631579,0.4819277108433735,0.7789001122334456
1,28,0.7166666666666667,0.687197031439831,0.5508270067464022,0.7495145631067961,0.5270935960591133,0.7849829351535836
1,29,0.68,0.6512009693434322,0.49751373985867575,0.7549407114624506,0.44547563805104406,0.7531865585168018
1,30,0.6933333333333334,0.6653939726251169,0.5163739729761302,0.754863813229572,0.48325358851674644,0.7580645161290323
1,31,0.74,0.712230931448607,0.5842521177281135,0.7848605577689243,0.5536159600997507,0.798216276477146
1,32,0.68,0.6552277551247592,0.49894259877132685,0.7347740667976425,0.48498845265588914,0.745920745920746
1,33,0.7077777777777777,0.6752157260393353,0.533966131328226,0.7449392712550608,0.49635036496350365,0.7843575418994413
1,34,0.6988888888888889,0.6739784202912684,0.5259548928296547,0.7554671968190855,0.5046728971962616,0.761795166858458
1,35,0.73,0.7024197367398625,0.5721630123479976,0.7788649706457925,0.5365853658536586,0.7918088737201365
1,36,0.7188888888888889,0.6837281048614677,0.5501555786042378,0.7615384615384615,0.5012919896640827,0.7883538633818589
1,37,0.7088888888888889,0.6823493172758807,0.5420025250072837,0.7430830039525692,0.5233644859813084,0.7806004618937644
1,38,0.7,0.6717043208456279,0.5265511295554841,0.7131474103585658,0.524822695035461,0.7771428571428571
1,39,0.68,0.6535704408117465,0.49910526905699604,0.7301587301587301,0.47706422018348627,0.7534883720930232
1,40,0.7266666666666667,0.7037611558526041,0.5689579646405355,0.7881188118811882,0.5424528301886793,0.7807118254879449
1,41,0.6877777777777778,0.6576441236745968,0.5080647043719801,0.74,0.46511627906976744,0.767816091954023
1,42,0.7144444444444444,0.6829809671194025,0.5466865787477732,0.7603960396039604,0.5012165450121655,0.7873303167420814
1,43,0.6966666666666667,0.6719996994303835,0.5259721718461812,0.7609561752988048,0.48868778280542985,0.7663551401869159
1,44,0.7077777777777777,0.6790670458955529,0.5395712001493913,0.7592954990215264,0.5,0.7779056386651323
1,45,0.6877777777777778,0.6605474346184564,0.5064027121502221,0.7283702213279678,0.49645390070921985,0.7568181818181818
1,46,0.7033333333333334,0.6746685158866305,0.5280378512464868,0.7370517928286853,0.5158150851581509,0.7711386696730552
1,47,0.6911111111111111,0.6656076459470213,0.5155800454603539,0.7485148514851485,0.4896073903002309,0.7587006960556845
1,48,0.6733333333333333,0.6486544511609386,0.48389361888879145,0.7605633802816901,0.45647058823529413,0.7289293849658315
1,49,0.7344444444444445,0.7062996341527037,0.5792278214329728,0.7777777777777778,0.5397590361445783,0.8013620885357549
1,50,0.7055555555555556,0.6755302290138169,0.530889500382566,0.7378640776699029,0.5175879396984925,0.7711386696730552
1,51,0.6733333333333333,0.6447905556404757,0.48692591838515453,0.7229862475442044,0.4637002341920375,0.7476851851851852
1,52,0.6766666666666666,0.6504149741279293,0.49132988393231725,0.73828125,0.47393364928909953,0.7390300230946882
1,53,0.71,0.6812996031746031,0.5434987931577291,0.734375,0.5238095238095238,0.7857142857142857
1,54,0.73,0.7088917127692013,0.5752565066158606,0.7808764940239044,0.5614849187935035,0.7843137254901961
1,55,0.7077777777777777,0.6767851561552464,0.5406131368728312,0.7312252964426877,0.5046728971962616,0.7944572748267898
1,56,0.7066666666666667,0.6802526131247261,0.5399859827378579,0.7533980582524272,0.5129411764705882,0.7744186046511627
1,57,0.6988888888888889,0.6688842180184388,0.5238457799148428,0.7417475728155339,0.49514563106796117,0.7697594501718213
1,58,0.7,0.681777019672657,0.5308825970957193,0.7664670658682635,0.5306122448979592,0.7482517482517482
1,59,0.7055555555555556,0.6746311742924357,0.531732256873817,0.7265469061876247,0.5158150851581509,0.7815315315315315
1,60,0.69,0.6636073154452399,0.5111837878876365,0.7584830339321357,0.477751756440281,0.7545871559633027
1,61,0.7055555555555556,0.6840221347412042,0.5406960621186911,0.7445544554455445,0.5384615384615384,0.7690504103165299
1,62,0.6922222222222222,0.662778165436014,0.5145602710517863,0.7391304347826086,0.48226950354609927,0.7669345579793341
1,63,0.6788888888888889,0.6529262926708964,0.4994409365323439,0.7272727272727273,0.47216035634743875,0.7593457943925234
1,64,0.7088888888888889,0.6823317375812294,0.542054114521429,0.7568627450980392,0.5141509433962265,0.7759815242494227
1,65,0.7122222222222222,0.6843159699445067,0.5480569940652187,0.7485148514851485,0.5150812064965197,0.7893518518518519
1,66,0.7022222222222222,0.6800766399006685,0.5345399529522556,0.7725490196078432,0.5080091533180778,0.7596717467760844
1,67,0.6944444444444444,0.6612431530408379,0.5157361299979456,0.717741935483871,0.4845605700712589,0.7814269535673839
1,68,0.7033333333333334,0.6760740965478996,0.5315077146232761,0.7749510763209393,0.49038461538461536,0.7628865979381443
1,69,0.6977777777777778,0.6643444686922947,0.5215872048028892,0.7104247104247104,0.5,0.782608695652174
1,70,0.6933333333333334,0.6613558925329753,0.5144236126179487,0.7578125,0.46228710462287104,0.7639680729760547
1,71,0.6877777777777778,0.6628863791096106,0.5117185614522173,0.7485148514851485,0.4840182648401826,0.7561260210035006
1,72,0.6944444444444444,0.6682000241034189,0.5187792742608158,0.75390625,0.49406175771971494,0.7566320645905421
1,73,0.7055555555555556,0.6762462723192035,0.5355584982084437,0.7760617760617761,0.4830917874396135,0.7695852534562212
1,74,0.7188888888888889,0.6853796220461265,0.5534497331876864,0.7514677103718199,0.5073891625615764,0.797281993204983
1,75,0.6944444444444444,0.6688728027195016,0.5216679583242336,0.7318982387475538,0.5092592592592593,0.7654609101516919
1,76,0.7144444444444444,0.6877790882499553,0.5495363905653874,0.7710843373493976,0.5105386416861827,0.7817142857142857
1,77,0.7155555555555555,0.6913222448780916,0.5533429488670729,0.7553816046966731,0.539906103286385,0.7786790266512167
1,78,0.7011111111111111,0.6801845986046066,0.5340969447844259,0.7231404958677686,0.5458515283842795,0.7715617715617715
1,79,0.7144444444444444,0.6810977654812195,0.5440702522101653,0.7600767754318618,0.5025641025641026,0.7806524184476941
1,80,0.7033333333333334,0.6775316168936413,0.531800725971908,0.7624750499001997,0.5035294117647059,0.7665903890160183
1,81,0.6911111111111111,0.6607496478300586,0.5115027246121016,0.7309236947791165,0.48226950354609927,0.7690557451649602
1,82,0.7033333333333334,0.6760433449957276,0.5291503544598455,0.7524752475247525,0.5109489051094891,0.7647058823529411
1,83,0.6988888888888889,0.6741451069101975,0.5265750744397126,0.7649402390438247,0.49537037037037035,0.7621247113163973
1,84,0.7155555555555555,0.6873993379773727,0.5521195591954481,0.7591522157996147,0.5192307692307693,0.7838150289017342
1,85,0.7188888888888889,0.6943803927150477,0.5564870345012962,0.7731755424063116,0.5333333333333333,0.7766323024054983
1,86,0.6988888888888889,0.6715641270169278,0.5259917442104527,0.7454909819639278,0.49767441860465117,0.7715269804822044
1,87,0.6822222222222222,0.658239307127296,0.5017749509323816,0.7405940594059406,0.48847926267281105,0.7456445993031359
1,88,0.7233333333333334,0.6958351049238539,0.5607484329244629,0.757085020242915,0.5380952380952381,0.7923250564334086
1,89,0.7066666666666667,0.6816606442024727,0.5375137470924292,0.76,0.5152224824355972,0.7697594501718213
1,90,0.6822222222222222,0.6530389605835528,0.5016862133185684,0.7046843177189409,0.48306997742663654,0.7713625866050808
1,91,0.6966666666666667,0.6705379177154712,0.5265549308041821,0.7598425196850394,0.4818181818181818,0.7699530516431925
1,92,0.7088888888888889,0.6826164813015492,0.5399302676325919,0.7786561264822134,0.5011933174224343,0.768
1,93,0.7188888888888889,0.6912720491757319,0.5552908089527753,0.7463917525773196,0.5324074074074074,0.7950169875424689
1,94,0.7211111111111111,0.6993558485671058,0.5637564451654018,0.7628458498023716,0.5525114155251142,0.7827102803738317
1,95,0.7,0.6705015293725357,0.5244618395303327,0.7203219315895373,0.5142857142857142,0.7768969422423556
1,96,0.7055555555555556,0.6789455649552895,0.5382184720355949,0.7290836653386454,0.5253456221198156,0.7824074074074074
1,97,0.7033333333333334,0.6742827185622412,0.5319010505441675,0.7707129094412332,0.48661800486618007,0.7655172413793103
1,98,0.6933333333333334,0.667168064603962,0.5183657008128064,0.757396449704142,0.48484848484848486,0.7592592592592593
1,99,0.7111111111111111,0.6832374586764658,0.5427392265258147,0.7782101167315175,0.5012165450121655,0.7702857142857142
3,0,0.78,0.7546122775288543,0.6513682134675167,0.8194726166328601,0.6004728132387707,0.8438914027149321
3,1,0.7988888888888889,0.771215819075948,0.677928301976322,0.8508064516129032,0.6069651741293532,0.8558758314855875
3,2,0.7755555555555556,0.7530452852763186,0.6478675455128291,0.8376753507014028,0.585812356979405,0.8356481481481481
3,3,0.7688888888888888,0.7426568921661092,0.6359690573698764,0.844,0.5514018691588785,0.8325688073394495
3,4,0.7477777777777778,0.7222348062016754,0.6050617054839009,0.7800829875518672,0.5575221238938053,0.8290993071593533
3,5,0.7877777777777778,0.7678556145179551,0.6672609127387388,0.8490945674044266,0.6122448979591837,0.8422273781902552
3,6,0.7688888888888888,0.7456984660023432,0.6355395649837629,0.8206185567010309,0.5831435079726651,0.8333333333333334
3,7,0.7911111111111111,0.7695855173168917,0.6689175835679805,0.8431771894093686,0.6226415094339622,0.8429378531073446
3,8,0.7744444444444445,0.749651087646145,0.6426531682014129,0.8117154811715481,0.5958429561200924,0.8413948256467941
3,9,0.7788888888888889,0.7538710188943619,0.6525777335498175,0.8228346456692913,0.594847775175644,0.8439306358381503
3,10,0.75,0.7248692402642795,0.6068258908548674,0.8081632653061225,0.5466970387243736,0.8197474167623421
3,11,0.7744444444444445,0.7533530777218783,0.6458979790794899,0.8065843621399177,0.6157303370786517,0.8377445339470656
3,12,0.77,0.750150927670023,0.6408446224048951,0.8340080971659919,0.5879732739420935,0.8284714119019837
3,13,0.77,0.7489906182504064,0.6393756145906728,0.8169014084507042,0.6013667425968109,0.8287037037037037
3,14,0.7855555555555556,0.7650340060243058,0.6621509914711117,0.8404040404040404,0.617169373549884,0.8375286041189931
3,15,0.7855555555555556,0.7622131503435217,0.6611756444392427,0.8244897959183674,0.6153846153846154,0.8467650397275823
3,16,0.79,0.763480963320014,0.6681687832855387,0.8255813953488372,0.6116504854368932,0.8532110091743119
3,17,0.7788888888888889,0.7571826538859684,0.6517630588852918,0.8261758691206544,0.6059225512528473,0.8394495412844036
3,18,0.76,0.7363296923271587,0.6227733147048551,0.8075313807531381,0.5688888888888889,0.8325688073394495
3,19,0.7655555555555555,0.7447484416972086,0.6341498656237657,0.8016359918200409,0.6004415011037527,0.8321678321678322
3,20,0.7644444444444445,0.7438295417803239,0.6287316554909965,0.8319672131147541,0.5812356979405034,0.8182857142857143
3,21,0.7788888888888889,0.7513495444157087,0.6489694479941671,0.8024193548387096,0.6028708133971292,0.8487584650112867
3,22,0.7888888888888889,0.7660872456413998,0.6673028769545957,0.8475247524752475,0.6070588235294118,0.8436781609195402
3,23,0.8,0.7767768423913255,0.6836104346059876,0.8416833667334669,0.6318289786223278,0.8568181818181818
3,24,0.7566666666666667,0.7308061167318428,0.6179906813759313,0.7942386831275721,0.5656108597285068,0.8325688073394495
3,25,0.78,0.7560728231331226,0.6524276427299449,0.8259109311740891,0.6023529411764705,0.8399545970488081
3,26,0.7844444444444445,0.7632290042158688,0.6592938054306148,0.8343558282208589,0.6157407407407407,0.8395904436860068
3,27,0.7711111111111111,0.746227740685447,0.6371557236042531,0.8263473053892215,0.583732057416268,0.8286038592508513
3,28,0.7555555555555555,0.7359196178423625,0.6160886020971645,0.8123711340206186,0.5829596412556054,0.812428078250863
3,29,0.7766666666666666,0.7525522825745212,0.6479736593225682,0.8048289738430584,0.6107226107226107,0.8421052631578947
3,30,0.7855555555555556,0.7600628361308747,0.6597720061111764,0.8309572301425662,0.6004728132387707,0.8487584650112867
3,31,0.78,0.7571072606980543,0.6516272059211645,0.8371134020618557,0.5967365967365967,0.837471783295711
3,32,0.7722222222222223,0.7472756028281893,0.6416362365006605,0.804,0.5958429561200924,0.8419838523644751
3,33,0.7733333333333333,0.748987076850749,0.6416281325819756,0.8221343873517787,0.5947242206235012,0.830102622576967
3,34,0.77,0.7509005527231637,0.6425014535971492,0.8228105906313645,0.5969498910675382,0.8329411764705882
3,35,0.7866666666666666,0.7613231140778739,0.6641321080375052,0.8266129032258065,0.6018518518518519,0.8555045871559633
3,36,0.7677777777777778,0.7413409506570884,0.6334847977054316,0.8273092369477911,0.5633802816901409,0.8333333333333334
3,37,0.7977777777777778,0.7772594838833072,0.6820460858475568,0.8496993987975952,0.6298850574712643,0.8521939953810623
3,38,0.7555555555555555,0.7329645249748342,0.6149171002090729,0.8161616161616162,0.5694444444444444,0.8132875143184422
3,39,0.7666666666666667,0.7438768030749069,0.6319728010374862,0.8232931726907631,0.585480093676815,0.8228571428571428
3,40,0.7788888888888889,0.7531927792304381,0.6496951702528415,0.831013916500994,0.5899280575539568,0.8386363636363636
3,41,0.7677777777777778,0.7440947993323755,0.6338344020463226,0.8154158215010142,0.5852534562211982,0.8316151202749141
3,42,0.7866666666666666,0.7630414029939505,0.6612335959034359,0.8326530612244898,0.6128266033254157,0.843644544431946
3,43,0.79,0.7695055658853113,0.6671877659709762,0.84472049689441,0.6218097447795824,0.8419864559819413
3,44,0.7722222222222223,0.7450175729660024,0.6383473355313452,0.8228105906313645,0.5734597156398105,0.8387824126268321
3,45,0.7777777777777778,0.7568739803799565,0.6526330415450883,0.8247011952191236,0.6090909090909091,0.8368298368298368
3,46,0.7777777777777778,0.7535820533365621,0.6497884138333576,0.7967806841046278,0.6186046511627907,0.845360824742268
3,47,0.7633333333333333,0.734483760305428,0.6255464443515528,0.8104838709677419,0.5566037735849056,0.8363636363636363
3,48,0.7755555555555556,0.7481534086135663,0.6454087454140116,0.7893660531697342,0.6018518518518519,0.8532423208191127
3,49,0.78,0.7594391814880009,0.6524859346509746,0.8431771894093686,0.6046511627906976,0.8304891922639362
3,50,0.7777777777777778,0.7533445750450082,0.648805842309921,0.8306451612903226,0.5901639344262295,0.8392246294184721
3,51,0.7733333333333333,0.7480968838396503,0.6428411635285581,0.8113590263691683,0.5898617511520737,0.843069873997709
3,52,0.7944444444444444,0.7656962398821792,0.6739705104858134,0.8515625,0.5896805896805897,0.8558456299659478
3,53,0.76,0.7367283335492765,0.6236664259732114,0.8056112224448898,0.5785876993166287,0.8259860788863109
3,54,0.7655555555555555,0.7396035139313049,0.6297624942972896,0.8095238095238095,0.5795724465558195,0.8297142857142857
3,55,0.7822222222222223,0.7569591261451727,0.6559471984271872,0.8,0.6186046511627907,0.8522727272727273
3,56,0.7855555555555556,0.7602064900020712,0.6622817079951937,0.8263473053892215,0.6013986013986014,0.8528735632183908
3,57,0.7711111111111111,0.7401636125397063,0.6365546795055261,0.8216432865731463,0.5555555555555556,0.8432919954904171
3,58,0.77,0.7464783209826115,0.6368484763425203,0.8088531187122736,0.5995316159250585,0.8310502283105022
3,59,0.7766666666666666,0.7573154527045499,0.64745913332242,0.8313253012048193,0.616822429906542,0.8237986270022883
3,60,0.7755555555555556,0.7511555177865307,0.6461623799375238,0.8133595284872298,0.6033254156769596,0.8367816091954023
3,61,0.7855555555555556,0.765208248891744,0.6635416263123233,0.8622754491017964,0.5977011494252874,0.8356481481481481
3,62,0.7733333333333333,0.7504780769585331,0.6424676740925378,0.8102766798418972,0.6099290780141844,0.8312284730195177
3,63,0.7722222222222223,0.7523519725177946,0.6441493916786891,0.8194726166328601,0.6044444444444445,0.8331388564760793
3,64,0.7888888888888889,0.7628481227187421,0.6658694428812606,0.8515625,0.5922330097087378,0.8447488584474886
3,65,0.8022222222222222,0.7766616941479123,0.6860614825658301,0.846307385229541,0.6216867469879518,0.8619909502262444
3,66,0.7733333333333333,0.7497611294726401,0.6429654866637109,0.8218623481781376,0.5912240184757506,0.8361970217640321
3,67,0.77,0.7481708241716581,0.6369114672050953,0.8140495867768595,0.6009174311926605,0.8295454545454546
3,68,0.7677777777777778,0.7463479215945826,0.6346182236346259,0.8336673346693386,0.5846867749419954,0.8206896551724138
3,69,0.7866666666666666,0.7656290935422544,0.6640713848307236,0.8467741935483871,0.6096997690531177,0.8404133180252583
3,70,0.7911111111111111,0.7639899857037532,0.6662030598052852,0.845691382765531,0.599009900990099,0.8472686733556298
3,71,0.7744444444444445,0.7513160718164009,0.6468862401598772,0.8263473053892215,0.589041095890411,0.8385598141695703
3,72,0.7766666666666666,0.7553446300611532,0.6488169654990332,0.8319672131147541,0.5972850678733032,0.8367816091954023
3,73,0.7811111111111111,0.752966075369749,0.6548159310332744,0.8198019801980198,0.5849056603773585,0.8541905855338691
3,74,0.7922222222222223,0.7672621854460107,0.6696638343726262,0.8376753507014028,0.6150121065375302,0.8490990990990991
3,75,0.7622222222222222,0.7411668162050074,0.6295697932053176,0.8007968127490039,0.5964125560538116,0.8262910798122066
3,76,0.7788888888888889,0.7569885602433675,0.6505993070512219,0.8252032520325203,0.6107226107226107,0.8350398179749715
3,77,0.7622222222222222,0.7406612817695306,0.6281243061120068,0.8098159509202454,0.5848214285714286,0.8273464658169177
3,78,0.7633333333333333,0.738153031893051,0.6275637775174415,0.8158415841584158,0.5714285714285714,0.8271889400921659
3,79,0.7822222222222223,0.757795105239027,0.6541135778067977,0.8275862068965517,0.6047619047619047,0.8410372040586246
3,80,0.7733333333333333,0.7528402740720738,0.6423813196830517,0.8292682926829268,0.6046511627906976,0.8246013667425968
3,81,0.7955555555555556,0.7708275069949625,0.6746210297772844,0.8559837728194726,0.6057692307692307,0.8507295173961841
3,82,0.7755555555555556,0.7495548350384915,0.6450508213812951,0.8316430020283976,0.5761124121779859,0.8409090909090909
3,83,0.7922222222222223,0.7731065966604128,0.6733719542371401,0.8343313373253493,0.6420323325635104,0.8429561200923787
3,84,0.7544444444444445,0.7303103536178396,0.6125759898401024,0.8058455114822547,0.562358276643991,0.8227272727272728
3,85,0.7955555555555556,0.7751016478754238,0.6756902842214315,0.8370221327967807,0.6443914081145584,0.8438914027149321
3,86,0.7588888888888888,0.7397401236333829,0.6217117687734977,0.8340080971659919,0.5759637188208617,0.8092485549132948
3,87,0.7622222222222222,0.7380975877987087,0.6250883261536904,0.8048780487804879,0.581986143187067,0.8274285714285714
3,88,0.7677777777777778,0.7430788274905922,0.6325554683013163,0.8161616161616162,0.5835294117647059,0.8295454545454546
3,89,0.7455555555555555,0.7215950581408297,0.6000395885123452,0.8170731707317073,0.5375854214123007,0.810126582278481
3,90,0.7822222222222223,0.755817377444378,0.6534319860272578,0.8410462776659959,0.585956416464891,0.8404494382022472
3,91,0.7666666666666667,0.7420256201474378,0.6320716701026111,0.8163265306122449,0.5773672055427251,0.8323831242873432
3,92,0.7744444444444445,0.7541537157421248,0.6477800697885139,0.8423153692614771,0.5887640449438202,0.8313817330210773
3,93,0.7555555555555555,0.7354225953513569,0.6175753115892063,0.8163265306122449,0.5746102449888641,0.8153310104529616
3,94,0.7633333333333333,0.7390634782421989,0.628419240788984,0.8032128514056225,0.5825688073394495,0.8314087759815243
3,95,0.7933333333333333,0.7671892921892923,0.672526242893976,0.8293650793650794,0.6153846153846154,0.8568181818181818
3,96,0.7666666666666667,0.7455098333655101,0.632509493504751,0.8122448979591836,0.5995423340961098,0.8247422680412371
3,97,0.7655555555555555,0.7426591433600022,0.6305893063482615,0.8185483870967742,0.5846867749419954,0.8247422680412371
3,98,0.7588888888888888,0.736964549925685,0.6209827666511412,0.8213552361396304,0.5688487584650113,0.8206896551724138
3,99,0.7488888888888889,0.7277040373515233,0.6051390166913213,0.8087649402390438,0.5734265734265734,0.8009205983889528
5,0,0.8188888888888889,0.795390322673519,0.7126436781609196,0.878727634194831,0.6376811594202898,0.869762174405436
5,1,0.8244444444444444,0.8047527184999912,0.723224608485443,0.875,0.6651162790697674,0.8741418764302059
5,2,0.81,0.7877701500127129,0.6997401259569687,0.8695652173913043,0.6333333333333333,0.8604118993135011
5,3,0.8022222222222222,0.7810670901997142,0.6880087871682415,0.8612244897959184,0.6238532110091743,0.8581235697940504
5,4,0.8177777777777778,0.798250471850185,0.7115638282280521,0.8835341365461847,0.6508313539192399,0.8603859250851306
5,5,0.79,0.7686520376175547,0.6692964822166662,0.8484848484848485,0.6114942528735632,0.8459770114942529
5,6,0.7922222222222223,0.768207178188605,0.6720947359807348,0.8473895582329317,0.6056338028169014,0.8515981735159818
5,7,0.8177777777777778,0.7949007679888425,0.7120904457331453,0.8577319587628865,0.6481481481481481,0.8788221970554927
5,8,0.8066666666666666,0.7862748519204245,0.6947374371589918,0.8582834331337326,0.6447058823529411,0.8558352402745996
5,9,0.8122222222222222,0.78965558744461,0.7040608455571187,0.8490945674044266,0.6480186480186481,0.8718535469107551
5,10,0.8177777777777778,0.7919977746422867,0.7095425886131249,0.8605577689243028,0.6419753086419753,0.8734602463605823
5,11,0.8066666666666666,0.7877202164931446,0.6958124681923956,0.8670756646216768,0.639269406392694,0.856815578465063
5,12,0.8144444444444444,0.7929693756959306,0.7063460895966802,0.8697394789579158,0.6445497630331753,0.8646188850967008
5,13,0.8177777777777778,0.7946955640493746,0.7115181649740836,0.8640973630831643,0.6447058823529411,0.8752834467120182
5,14,0.8155555555555556,0.7917464647658864,0.7076795745505133,0.8606060606060606,0.6413301662707839,0.8733031674208145
5,15,0.8233333333333334,0.804489781372161,0.7198885034881809,0.8635437881873728,0.6808510638297872,0.8690744920993227
5,16,0.8155555555555556,0.7930854061905094,0.7060941207020692,0.8559498956158664,0.6524822695035462,0.8708240534521158
5,17,0.8044444444444444,0.78267082590612,0.6910027973610391,0.8606060606060606,0.6305882352941177,0.8568181818181818
5,18,0.7933333333333333,0.7694167101111217,0.6746178606415898,0.8469184890656064,0.6074766355140186,0.85385500575374
5,19,0.8566666666666667,0.8356641362636482,0.7704689866235415,0.8857715430861723,0.72,0.9012208657047724
5,20,0.8266666666666667,0.8040924354260198,0.725381658859082,0.87374749498998,0.6587112171837709,0.8798185941043084
5,21,0.8077777777777778,0.7838272472461868,0.6951673153579288,0.8495934959349594,0.6350710900473934,0.8668171557562077
5,22,0.8188888888888889,0.79554211960654,0.713636523348286,0.8412371134020619,0.6620370370370371,0.883352208380521
5,23,0.8033333333333333,0.7760287085504641,0.6890991486820379,0.8502994011976048,0.6066350710900474,0.87115165336374
5,24,0.8011111111111111,0.7785946686023112,0.6858522354996723,0.8507157464212679,0.625,0.8600682593856656
5,25,0.8333333333333334,0.8117922733489745,0.7355751338773303,0.8755020080321285,0.6762589928057554,0.8836158192090395
5,26,0.8066666666666666,0.7818356185636225,0.6927586389560857,0.8622754491017964,0.6228710462287105,0.8603603603603603
5,27,0.8266666666666667,0.8053013778302495,0.723855791357709,0.8707753479125249,0.6732186732186732,0.8719101123595505
5,28,0.8088888888888889,0.7844410961739442,0.6965241427983297,0.8582834331337326,0.6298076923076923,0.8652321630804077
5,29,0.8244444444444444,0.8022290050731827,0.7209762300003533,0.8757637474541752,0.6555023923444976,0.8754208754208754
5,30,0.8211111111111111,0.795046240768452,0.7158840242116223,0.8438133874239351,0.6539379474940334,0.8873873873873874
5,31,0.8088888888888889,0.7830298940055037,0.6965241427983297,0.8536585365853658,0.6238095238095238,0.8716216216216216
5,32,0.8322222222222222,0.809037983238238,0.7317367822626493,0.8739837398373984,0.6699266503667481,0.8832035595105673
5,33,0.8033333333333333,0.7850217035909578,0.6901127888292761,0.8641975308641975,0.639269406392694,0.8515981735159818
5,34,0.7877777777777778,0.7671013837185372,0.6673954685293036,0.8514056224899599,0.6073059360730594,0.8425925925925926
5,35,0.7988888888888889,0.7775372209984931,0.6814034675976179,0.8646464646464647,0.6208530805687204,0.8471121177802945
5,36,0.8077777777777778,0.784929465036274,0.6958283354366828,0.8530612244897959,0.6355140186915887,0.8662131519274376
5,37,0.81,0.7856713213993749,0.6989548510520931,0.8484848484848485,0.6367924528301887,0.8717366628830874
5,38,0.7933333333333333,0.7691000726578682,0.6721767347314453,0.8475247524752475,0.6120481927710844,0.8477272727272728
5,39,0.8088888888888889,0.7834629519248283,0.696799352858567,0.8667992047713717,0.6183574879227053,0.8652321630804077
5,40,0.7944444444444444,0.7725887903685753,0.6752106741573034,0.8617234468937875,0.6103286384976526,0.8457142857142858
5,41,0.8044444444444444,0.7783029653194434,0.6891045268265109,0.8542914171656687,0.6180048661800487,0.8626126126126126
5,42,0.8244444444444444,0.8005277130277131,0.7218668951191748,0.8611111111111112,0.6586538461538461,0.8818181818181818
5,43,0.8011111111111111,0.7828500335510599,0.6878306263152387,0.8674698795180723,0.6344827586206897,0.8465974625144176
5,44,0.7922222222222223,0.7663051479609364,0.6710963455149501,0.8455284552845529,0.596244131455399,0.8571428571428571
5,45,0.8133333333333334,0.7906143339812935,0.7054319746577985,0.8489795918367347,0.6481481481481481,0.8747152619589977
5,46,0.8244444444444444,0.8015654417369258,0.7215248375561553,0.8767123287671232,0.6552567237163814,0.8727272727272727
5,47,0.8166666666666667,0.7935940353012781,0.7097874901796777,0.8548387096774194,0.6509433962264151,0.875
5,48,0.8288888888888889,0.806623086741197,0.7281046777373443,0.8767676767676768,0.6634615384615384,0.8796400449943758
5,49,0.8077777777777778,0.7855080764500965,0.6952681425056905,0.8617234468937875,0.6363636363636364,0.8584371460928653
5,50,0.8066666666666666,0.7860586849655459,0.6948242901156978,0.8577319587628865,0.639080459770115,0.8613636363636363
5,51,0.8033333333333333,0.7814903254324816,0.6893755922923028,0.8588709677419355,0.6291079812206573,0.856492027334852
5,52,0.8166666666666667,0.7940676275088382,0.7077513780949326,0.8706365503080082,0.6442307692307693,0.867335562987737
5,53,0.8066666666666666,0.7842592208844773,0.6946904207657305,0.8699186991869918,0.6214953271028038,0.8613636363636363
5,54,0.8,0.7767446467864628,0.6840799706701406,0.8559670781893004,0.6129032258064516,0.8613636363636363
5,55,0.8122222222222222,0.78928643708202,0.702641040228503,0.8565737051792829,0.6443914081145584,0.8668941979522184
5,56,0.8222222222222222,0.8022543352398266,0.71941966634322,0.8803245436105477,0.654292343387471,0.8721461187214612
5,57,0.8011111111111111,0.7792011583749966,0.6849010694977976,0.8634538152610441,0.6238095238095238,0.8503401360544217
5,58,0.8255555555555556,0.8047464270076014,0.7241495097943518,0.8793456032719836,0.6573426573426573,0.8775510204081632
5,59,0.8088888888888889,0.7827221325787616,0.6955883914560235,0.8483606557377049,0.6282973621103117,0.8715083798882681
5,60,0.81,0.7861096805670376,0.6977997702571352,0.875,0.6216867469879518,0.8616422947131609
5,61,0.8211111111111111,0.8007112785637248,0.7162345559335178,0.87374749498998,0.6618705035971223,0.8665158371040724
5,62,0.8211111111111111,0.793351480377097,0.7146019790747511,0.8588709677419355,0.6372549019607843,0.8839285714285714
5,63,0.8055555555555556,0.7795368987703483,0.689031396969685,0.8448979591836735,0.6292682926829268,0.8644444444444445
5,64,0.82,0.7945476043524754,0.7146313106995643,0.8530612244897959,0.6447058823529411,0.8858757062146893
5,65,0.8155555555555556,0.7931165360311393,0.7075617027190497,0.8583162217659137,0.6494117647058824,0.8716216216216216
5,66,0.8255555555555556,0.8072346919071172,0.7248392461413231,0.8792079207920792,0.6745283018867925,0.8679678530424799
5,67,0.8133333333333334,0.7884446571218925,0.7032169166357518,0.8501026694045175,0.6398104265402843,0.8754208754208754
5,68,0.8188888888888889,0.7941592581881084,0.7117866867846239,0.8483606557377049,0.6539379474940334,0.8801791713325868
5,69,0.8166666666666667,0.79386728678189,0.7093262240595677,0.8583162217659137,0.6494117647058824,0.8738738738738738
5,70,0.8222222222222222,0.799916907508686,0.718103620410864,0.8785425101214575,0.6476190476190476,0.873589164785553
5,71,0.7888888888888889,0.7648411500976021,0.6664599108219129,0.8459958932238193,0.5972222222222222,0.8513053348467651
5,72,0.8022222222222222,0.7791803333919463,0.6858601783655317,0.8548057259713702,0.6255924170616114,0.8571428571428571
5,73,0.8111111111111111,0.79325934578661,0.7017427580022613,0.8600405679513184,0.6635730858468677,0.8561643835616438
5,74,0.8077777777777778,0.7801960579321899,0.6938919951872036,0.857707509881423,0.6157635467980296,0.8671171171171171
5,75,0.8377777777777777,0.8149463325043961,0.7420054072839295,0.8840864440078585,0.6748768472906403,0.8858757062146893
5,76,0.8211111111111111,0.7975555158075132,0.7154739744103301,0.8772635814889336,0.642512077294686,0.8728908886389202
5,77,0.8166666666666667,0.7947516912504229,0.7111367013951028,0.8594059405940594,0.6525821596244131,0.8722669735327964
5,78,0.8166666666666667,0.7954723790564814,0.7107388916916808,0.8702594810379242,0.647887323943662,0.868270332187858
5,79,0.8288888888888889,0.8042960345761405,0.7279408300749046,0.852,0.6714975845410628,0.8893905191873589
5,80,0.8244444444444444,0.8047532692580895,0.72240388087964,0.8629856850715747,0.675990675990676,0.8752834467120182
5,81,0.8288888888888889,0.8097219461905691,0.7294237076370451,0.8706365503080082,0.6789838337182448,0.8795454545454545
5,82,0.8155555555555556,0.7918274877981615,0.7081786165635005,0.8735177865612648,0.6330935251798561,0.8688711516533637
5,83,0.8344444444444444,0.8077541466460545,0.7338630933007327,0.8645418326693227,0.670076726342711,0.8886438809261301
5,84,0.8344444444444444,0.8154318218011758,0.737582115663471,0.903353057199211,0.6714975845410628,0.8714448236632537
5,85,0.8222222222222222,0.7974642920705488,0.7168264106567661,0.8571428571428571,0.6553398058252428,0.8799102132435466
5,86,0.8211111111111111,0.7991734028520692,0.7169960566945374,0.874251497005988,0.6508313539192399,0.8724373576309795
5,87,0.8122222222222222,0.7891802036291127,0.703238041722273,0.8543307086614174,0.645933014354067,0.8672768878718535
5,88,0.8255555555555556,0.8049520426944884,0.724202813404563,0.8699186991869918,0.6666666666666666,0.8782707622298066
5,89,0.8266666666666667,0.806524543431172,0.7250762208554359,0.8732394366197183,0.6730310262529833,0.8733031674208145
5,90,0.8122222222222222,0.7892434318064558,0.7030816261990934,0.8594704684317719,0.6384976525821596,0.869762174405436
5,91,0.8088888888888889,0.7887771994202938,0.6994880814410596,0.8658536585365854,0.639080459770115,0.861397479954181
5,92,0.8233333333333334,0.8000825234298549,0.7209449261118326,0.87374749498998,0.6462264150943396,0.8802736602052451
5,93,0.8166666666666667,0.7950345183087221,0.7104777799007241,0.8577319587628865,0.6513761467889908,0.875995449374289
5,94,0.7988888888888889,0.7730125866771829,0.6809423267510959,0.8412698412698413,0.6183574879227053,0.8594104308390023
5,95,0.81,0.7839350874660901,0.6979510127178521,0.8329979879275654,0.6456310679611651,0.8731762065095399
5,96,0.8055555555555556,0.7793559758545383,0.691379796839729,0.8530612244897959,0.6146572104018913,0.8703494926719278
5,97,0.8266666666666667,0.8069463634176727,0.7257094630235257,0.8770491803278688,0.6682242990654206,0.8755656108597285
5,98,0.8111111111111111,0.7907255412724803,0.7030239153094083,0.8622754491017964,0.6451612903225806,0.8647398843930636
5,99,0.8211111111111111,0.7972081653689661,0.7157736781710654,0.8782435129740519,0.6407766990291263,0.8726042841037204
7,0,0.8555555555555555,0.8308988551270398,0.7675287310645197,0.8941176470588236,0.6979166666666666,0.9006622516556292
7,1,0.8377777777777777,0.812765144000842,0.7405899702685308,0.876984126984127,0.6716791979949874,0.8896321070234113
7,2,0.8455555555555555,0.8210766000379933,0.751780789301375,0.8927875243664717,0.6822916666666666,0.8881506090808416
7,3,0.84,0.8172842395644713,0.744225839110948,0.8866799204771372,0.68,0.8851727982162765
7,4,0.8455555555555555,0.8177378487425502,0.7504319064129623,0.888030888030888,0.6738544474393531,0.8913282107574094
7,5,0.8633333333333333,0.8416703609682719,0.7801643504819703,0.8871595330739299,0.7329842931937173,0.9048672566371682
7,6,0.8477777777777777,0.8242150496283589,0.7551224685561759,0.873015873015873,0.7043701799485861,0.8952590959206174
7,7,0.8377777777777777,0.8094879305280532,0.7376475732400525,0.8662674650698603,0.6701570680628273,0.8920392584514721
7,8,0.8544444444444445,0.8286242338117136,0.7656618016811132,0.882703777335984,0.6976744186046512,0.9054945054945055
7,9,0.8255555555555556,0.7976283202930254,0.7194257461130636,0.8845401174168297,0.6354166666666666,0.8729281767955801
7,10,0.85,0.8223387197442135,0.7580038002366185,0.8961538461538462,0.675603217158177,0.8952590959206174
7,11,0.8455555555555555,0.821475713516714,0.7520238501121939,0.8823529411764706,0.6907216494845361,0.8913525498891353
7,12,0.8233333333333334,0.7961867824054923,0.7153711512451268,0.8487229862475442,0.6631853785900783,0.8766519823788547
7,13,0.8533333333333334,0.8309003568607523,0.765543591524835,0.8853754940711462,0.706766917293233,0.9005586592178771
7,14,0.8466666666666667,0.8215304935363056,0.7545823156996183,0.8841698841698842,0.6855670103092784,0.8948545861297539
7,15,0.8322222222222222,0.802210454320734,0.7288983578302293,0.8657314629258517,0.6510416666666666,0.8898582333696837
7,16,0.8422222222222222,0.8146472010935644,0.745347815430966,0.8862275449101796,0.6649350649350649,0.8927789934354485
7,17,0.8255555555555556,0.8027697930597298,0.7202168566868765,0.8707753479125249,0.6683544303797468,0.8691796008869179
7,18,0.8555555555555555,0.8328494161096418,0.7675472057982071,0.8976377952755905,0.7046632124352331,0.8962472406181016
7,19,0.8355555555555556,0.8093603068547388,0.7364422072371545,0.875,0.6666666666666666,0.8864142538975501
7,20,0.8411111111111111,0.8150105239040858,0.7449323386949731,0.8801571709233792,0.6735218508997429,0.8913525498891353
7,21,0.84,0.8122231145282738,0.7420756936193587,0.873015873015873,0.6701298701298701,0.893523600439078
7,22,0.8333333333333334,0.8119436285773275,0.7332616762231434,0.8714859437751004,0.6865671641791045,0.8777777777777778
7,23,0.8455555555555555,0.8284826711935166,0.7545138255223204,0.8977955911823647,0.7070217917675545,0.8806306306306306
7,24,0.8455555555555555,0.8195565120462747,0.752511973791196,0.8893203883495145,0.6752577319587629,0.8940914158305463
7,25,0.8511111111111112,0.8266236365340421,0.7610996547236304,0.8923679060665362,0.6907216494845361,0.8967813540510544
7,26,0.8411111111111111,0.815848331669403,0.7459569251905324,0.8752399232245681,0.6821705426356589,0.8901345291479821
7,27,0.8255555555555556,0.7991708980601712,0.7210624500310918,0.8667992047713717,0.65,0.8807134894091416
7,28,0.85,0.8303635329052373,0.760182853172692,0.9021956087824351,0.7014925373134329,0.887402452619844
7,29,0.8533333333333334,0.8274029797866861,0.7634898388227049,0.8845401174168297,0.6965699208443272,0.9010989010989011
7,30,0.8544444444444445,0.8322826392174619,0.7658293593178662,0.8910891089108911,0.7095115681233933,0.8962472406181016
7,31,0.86,0.8376705271242947,0.7743189267611184,0.8942115768463074,0.7164948453608248,0.9023051591657519
7,32,0.8433333333333334,0.8197792392772172,0.748232269123634,0.8685258964143426,0.6989795918367347,0.891832229580574
7,33,0.8377777777777777,0.808858253232463,0.7395864299558843,0.8650793650793651,0.6632653061224489,0.8982300884955752
7,34,0.8388888888888889,0.8163132557510485,0.7400766027115686,0.8796844181459567,0.6910994764397905,0.8781558726673985
7,35,0.8544444444444445,0.832430061708556,0.7664463193009634,0.8848484848484849,0.7117794486215538,0.9006622516556292
7,36,0.8466666666666667,0.8170548091329755,0.7525768266882349,0.8757396449704142,0.6719160104986877,0.9035087719298246
7,37,0.8388888888888889,0.8098559218559219,0.7406267887807669,0.864,0.6666666666666666,0.8989010989010989
7,38,0.8555555555555555,0.8330293582180434,0.7676247676247676,0.8918918918918919,0.712401055408971,0.8947951273532669
7,39,0.8366666666666667,0.8110005785150326,0.7389152451394425,0.8828125,0.6632911392405063,0.8868980963045913
7,40,0.8444444444444444,0.8203696643632071,0.7510609545034259,0.8705882352941177,0.6954314720812182,0.8950892857142857
7,41,0.8588888888888889,0.8372132664776061,0.7731386652693755,0.8893280632411067,0.7216494845360825,0.9006622516556292
7,42,0.8266666666666667,0.8001713300064616,0.7225861138938121,0.8577154308617234,0.6583541147132169,0.8844444444444445
7,43,0.8477777777777777,0.826204398478455,0.7559058703351395,0.8862275449101796,0.702020202020202,0.8903654485049833
7,44,0.84,0.8149013579372252,0.7435948165001484,0.9007936507936508,0.6582278481012658,0.8856825749167592
7,45,0.8577777777777778,0.833397124604208,0.770459857374276,0.8954635108481263,0.7034120734908137,0.9013157894736842
7,46,0.8544444444444445,0.8302323264875809,0.7660797828648976,0.8957528957528957,0.6981627296587927,0.8967813540510544
7,47,0.86,0.8373590584704903,0.7743391360412637,0.8937007874015748,0.7172774869109948,0.9010989010989011
7,48,0.8466666666666667,0.8236197338904921,0.7536970235415671,0.8942115768463074,0.6870229007633588,0.8896247240618101
7,49,0.8388888888888889,0.8184220893621174,0.7431855617151663,0.8806262230919765,0.695,0.8796400449943758
7,50,0.8388888888888889,0.8115399327020606,0.7420479612894044,0.8747514910536779,0.6633165829145728,0.896551724137931
7,51,0.8411111111111111,0.8200602404719386,0.7475475628630106,0.8745098039215686,0.6977886977886978,0.8878822197055493
7,52,0.8444444444444444,0.8195445187777773,0.7513566847557968,0.8656126482213439,0.6934673366834171,0.8995535714285714
7,53,0.85,0.8274046399620439,0.760046450267405,0.8949416342412452,0.6956521739130435,0.8916201117318435
7,54,0.8588888888888889,0.8348749533645367,0.772319827895303,0.89453125,0.708994708994709,0.9010989010989011
7,55,0.8388888888888889,0.8135350109947138,0.7409588690323772,0.8717948717948718,0.6804123711340206,0.8883977900552487
7,56,0.8277777777777777,0.8050423815724828,0.7249432140829074,0.8809523809523809,0.6616915422885572,0.87248322147651
7,57,0.8344444444444444,0.8113281694191935,0.7342702239977172,0.8968253968253969,0.6632653061224489,0.8738938053097345
7,58,0.8333333333333334,0.8050804660860216,0.7314474979858563,0.8621359223300971,0.6666666666666666,0.886438809261301
7,59,0.8422222222222222,0.8148638361188968,0.7453539042745874,0.8875739644970414,0.6666666666666666,0.8903508771929824
7,60,0.8555555555555555,0.8347904536632703,0.7665900603274921,0.9,0.7135416666666666,0.8908296943231441
7,61,0.8411111111111111,0.8147045097989866,0.7445825502449983,0.8984375,0.6597402597402597,0.8859357696566998
7,62,0.8388888888888889,0.8196274918497141,0.7431522015103831,0.8849206349206349,0.6962962962962963,0.877665544332211
7,63,0.8444444444444444,0.8227349299147306,0.75262395306923,0.8832684824902723,0.6947890818858561,0.8901472253680635
7,64,0.84,0.8166427227186186,0.7440616779758755,0.8853754940711462,0.678391959798995,0.8861607142857143
7,65,0.8322222222222222,0.8068974881358693,0.7329717940404963,0.8745098039215686,0.6600496277915633,0.8861330326944757
7,66,0.8511111111111112,0.824957829114013,0.7606416233499456,0.8752399232245681,0.6984126984126984,0.9012208657047724
7,67,0.8411111111111111,0.818949194377358,0.7442379004852921,0.8688845401174168,0.7049608355091384,0.8830022075055187
7,68,0.8366666666666667,0.8159443905057939,0.7397165408859474,0.884990253411306,0.6867167919799498,0.8761261261261262
7,69,0.8533333333333334,0.8288965905780218,0.7635265594706817,0.8927875243664717,0.6984126984126984,0.8954895489548955
7,70,0.85,0.8271074463208143,0.7594178506014554,0.888015717092338,0.6989795918367347,0.8943270300333704
7,71,0.8333333333333334,0.8073165079519059,0.7324136290658263,0.8627450980392157,0.6735218508997429,0.8856825749167592
7,72,0.8166666666666667,0.7901050817340375,0.7070543675530656,0.8649706457925636,0.6363636363636364,0.8689809630459127
7,73,0.8477777777777777,0.8201352920686168,0.7557332361285005,0.8697318007662835,0.6876640419947506,0.903010033444816
7,74,0.83,0.8068694293526507,0.7284452157450501,0.876984126984127,0.6666666666666666,0.8769574944071589
7,75,0.8411111111111111,0.813121601436145,0.7436050681329189,0.8893280632411067,0.6596858638743456,0.8903508771929824
7,76,0.8522222222222222,0.830216601774921,0.7609599942486616,0.8782435129740519,0.7191601049868767,0.8932461873638344
7,77,0.8522222222222222,0.8322769398105047,0.7633035468874516,0.8796844181459567,0.7240506329113924,0.8930957683741648
7,78,0.8266666666666667,0.8014779536590734,0.7213240679540542,0.8764940239043825,0.6547314578005116,0.8732083792723263
7,79,0.8422222222222222,0.8140362298088496,0.7453127989286397,0.8644400785854617,0.6807387862796834,0.8969298245614035
7,80,0.8344444444444444,0.8096271235529731,0.7353238976269942,0.8854368932038835,0.6632653061224489,0.8801791713325868
7,81,0.8344444444444444,0.8148328830436187,0.735344791857856,0.882703777335984,0.69,0.8717948717948718
7,82,0.8333333333333334,0.8063739221637226,0.7324231757206736,0.8699186991869918,0.6583541147132169,0.8908489525909592
7,83,0.8355555555555556,0.8112763731520669,0.7361101205334855,0.8717948717948718,0.6785714285714286,0.8834628190899001
7,84,0.86,0.8363622621828776,0.7744118594908154,0.8966861598440545,0.7105263157894737,0.9018743109151047
7,85,0.8288888888888889,0.8071664245577289,0.7265409202115065,0.8808080808080808,0.6666666666666666,0.8740245261984393
7,86,0.8322222222222222,0.8093791317307512,0.7323180195866785,0.87109375,0.678391959798995,0.8786516853932584
7,87,0.8511111111111112,0.8279511086876389,0.7616063698145432,0.8910891089108911,0.6952141057934509,0.8975501113585747
7,88,0.8477777777777777,0.8240776081567324,0.7556218858141774,0.8937007874015748,0.6871794871794872,0.8913525498891353
7,89,0.8566666666666667,0.8351632386387721,0.7701672770464218,0.9021956087824351,0.7052896725440806,0.8980044345898004
7,90,0.8488888888888889,0.8251887241156743,0.7572006665079742,0.8840864440078585,0.6976744186046512,0.8938053097345132
7,91,0.8588888888888889,0.8374170274170275,0.7738988696921623,0.8928571428571429,0.7171717171717171,0.9022222222222223
7,92,0.8355555555555556,0.8149429677288921,0.7362297890036338,0.8801571709233792,0.6923076923076923,0.8723640399556049
7,93,0.85,0.8269792949505077,0.7592624514809817,0.8853754940711462,0.7007672634271099,0.8947951273532669
7,94,0.8377777777777777,0.8182221251828182,0.7421947195043233,0.8884540117416829,0.6896551724137931,0.8765571913929785
7,95,0.8411111111111111,0.8172407576445582,0.745658708373105,0.8820116054158608,0.6838046272493573,0.8859060402684564
7,96,0.8555555555555555,0.8308182983110548,0.767699510382045,0.8978805394990366,0.6965699208443272,0.8980044345898004
7,97,0.8455555555555555,0.8211624537057881,0.7527711957692451,0.8862275449101796,0.681704260651629,0.8955555555555555
7,98,0.8577777777777778,0.833499820315141,0.7703184439074575,0.8884462151394422,0.7083333333333334,0.9037199124726477
7,99,0.84,0.814819936086529,0.7426488109421913,0.875,0.6822916666666666,0.8871681415929203
11,0,0.8633333333333333,0.8406438705651303,0.7806435249218283,0.889763779527559,0.7230769230769231,0.9090909090909091
11,1,0.8522222222222222,0.8292735663894542,0.7620396600566572,0.8950495049504951,0.6994818652849741,0.8932893289328933
11,2,0.8566666666666667,0.8324922841473184,0.7704708017508274,0.8915187376725838,0.700507614213198,0.9054505005561735
11,3,0.8788888888888889,0.8542791109381888,0.8041525254541824,0.921875,0.7219251336898396,0.9190371991247265
11,4,0.8644444444444445,0.8391338121582459,0.7821592816414635,0.896414342629482,0.7058823529411765,0.9151047409040793
11,5,0.87,0.8448805838124723,0.7900600511990302,0.9058823529411765,0.7142857142857143,0.9144736842105263
11,6,0.8711111111111111,0.8499578784170801,0.7924321229183566,0.9169960474308301,0.7253886010362695,0.9074889867841409
11,7,0.8811111111111111,0.860956247602357,0.8075381875813166,0.9251439539347409,0.7486338797814208,0.9090909090909091
11,8,0.8633333333333333,0.8423960338153913,0.7809764059949548,0.9101796407185628,0.7135678391959799,0.9034406215316315
11,9,0.8755555555555555,0.8516580807056187,0.7994373102314828,0.91015625,0.7263157894736842,0.9185022026431718
11,10,0.8633333333333333,0.8399405521307967,0.779689216513557,0.9051383399209486,0.7101827676240209,0.9045005488474204
11,11,0.8633333333333333,0.8365464538488515,0.7786668426135307,0.8901960784313725,0.707774798927614,0.9116684841875682
11,12,0.8744444444444445,0.8533289046112248,0.7976574422070261,0.9105058365758755,0.7387862796833773,0.9106945975744212
11,13,0.8622222222222222,0.8376451423999911,0.7773592735049556,0.905511811023622,0.7037037037037037,0.9037199124726477
11,14,0.8622222222222222,0.8371787812041115,0.7779325440254701,0.90625,0.7,0.9052863436123348
11,15,0.8644444444444445,0.8400484445001096,0.7819026904627119,0.899803536345776,0.7098445595854922,0.9104972375690608
11,16,0.8822222222222222,0.8575088778049168,0.8088046079291976,0.9126984126984127,0.7345844504021448,0.9252437703141928
11,17,0.87,0.8501631926180463,0.7919572613435649,0.9073359073359073,0.7371134020618557,0.9060402684563759
11,18,0.8611111111111112,0.8382543792987992,0.7770758695031863,0.916504854368932,0.6994818652849741,0.8987764182424917
11,19,0.8555555555555555,0.8288443282445698,0.7670223061207422,0.8871287128712871,0.6927083333333334,0.9066959385290889
11,20,0.8533333333333334,0.8304333790298358,0.764407250228057,0.8933601609657947,0.6984924623115578,0.8994475138121547
11,21,0.8666666666666667,0.8432313232398622,0.785987745816853,0.9037328094302554,0.7146529562982005,0.9113082039911308
11,22,0.8711111111111111,0.8523473444678996,0.7938034377944078,0.904,0.743142144638404,0.9098998887652948
11,23,0.8488888888888889,0.8175677815131391,0.7547624962933874,0.8796844181459567,0.6684636118598383,0.9045553145336226
11,24,0.8777777777777778,0.8546458355199157,0.8011936414095572,0.9212598425196851,0.7302452316076294,0.9124324324324324
11,25,0.8711111111111111,0.8485127914695445,0.7920960659557308,0.9011857707509882,0.7310704960835509,0.9132821075740944
11,26,0.8866666666666667,0.8668898906429289,0.8163460057256834,0.9206963249516441,0.7629427792915532,0.9170305676855895
11,27,0.8766666666666667,0.8565418490139555,0.8015455213651443,0.9132947976878613,0.746031746031746,0.9102990033222591
11,28,0.8766666666666667,0.8556363875076847,0.7999363160645732,0.9145129224652088,0.7413333333333333,0.911062906724512
11,29,0.8677777777777778,0.8431534453306067,0.785742579011175,0.8884462151394422,0.726790450928382,0.9142236699239956
11,30,0.8833333333333333,0.8593515076770935,0.8115972367594725,0.9090909090909091,0.7401574803149606,0.9288061336254108
11,31,0.8566666666666667,0.835284344324647,0.7696483417061498,0.8986083499005965,0.710997442455243,0.8962472406181016
11,32,0.8644444444444445,0.8433888977007816,0.7819572612402224,0.9148514851485149,0.7146529562982005,0.9006622516556292
11,33,0.8811111111111111,0.860749311246976,0.8088580309399898,0.8958742632612967,0.7636363636363637,0.9227373068432672
11,34,0.8588888888888889,0.8361757608608356,0.7730481245197377,0.9044834307992202,0.7068062827225131,0.8972375690607735
11,35,0.8522222222222222,0.8288299607566877,0.7631372735259896,0.8932806324110671,0.6954314720812182,0.8977777777777778
11,36,0.8844444444444445,0.8625527929789766,0.8125,0.9246031746031746,0.7433155080213903,0.9197396963123644
11,37,0.8933333333333333,0.8723899028227763,0.8272987850949257,0.92578125,0.7634408602150538,0.9279475982532751
11,38,0.8811111111111111,0.8609935145718248,0.8075670318163835,0.9221789883268483,0.7493261455525606,0.9114754098360656
11,39,0.8544444444444445,0.8287903297802061,0.7665605398213268,0.8858267716535433,0.6938775510204082,0.9066666666666666
11,40,0.8744444444444445,0.8509625835318486,0.7965027283041294,0.9186046511627907,0.7247956403269755,0.9094874591057798
11,41,0.8744444444444445,0.8518241359019623,0.797835226764469,0.9166666666666666,0.7235142118863049,0.9152915291529153
11,42,0.8566666666666667,0.8316031244748415,0.7687250996015936,0.9025844930417495,0.6909090909090909,0.9013157894736842
11,43,0.8588888888888889,0.8361425867078592,0.7734704798144956,0.9001956947162426,0.7080103359173127,0.9002217294900222
11,44,0.8522222222222222,0.825852211868788,0.7626125706262308,0.882703777335984,0.6887755102040817,0.9060773480662984
11,45,0.8733333333333333,0.8540036607591754,0.7971000735660552,0.91796875,0.7365728900255755,0.907469342251951
11,46,0.8788888888888889,0.8553923998231272,0.804759800819173,0.9044834307992202,0.7387862796833773,0.9229074889867841
11,47,0.8711111111111111,0.8504264635835398,0.7925731656434405,0.9288537549407114,0.7183462532299741,0.9040793825799338
11,48,0.8644444444444445,0.8422938927896975,0.7827631029659365,0.9161793372319688,0.7076923076923077,0.903010033444816
11,49,0.8655555555555555,0.8407191654638684,0.782262708339998,0.8949416342412452,0.7189189189189189,0.9082969432314411
11,50,0.8688888888888889,0.8471372280508541,0.7886752204782069,0.90234375,0.7315789473684211,0.9074889867841409
11,51,0.8644444444444445,0.844733205782313,0.7830554018809769,0.91015625,0.7244897959183674,0.8995535714285714
11,52,0.8866666666666667,0.8641071621772469,0.8165192624793884,0.9133858267716536,0.752,0.9269356597600873
11,53,0.8755555555555555,0.8519569392873881,0.7990843188101326,0.918918918918919,0.7238605898123325,0.9130913091309131
11,54,0.8744444444444445,0.8519989886778373,0.7979476889149374,0.912621359223301,0.7296587926509186,0.9137168141592921
11,55,0.8788888888888889,0.8570650471640571,0.8048075832552365,0.9148514851485149,0.7376623376623377,0.9186813186813186
11,56,0.8755555555555555,0.8547679610780747,0.7989548845187283,0.9158512720156555,0.7393617021276596,0.9090909090909091
11,57,0.8766666666666667,0.8580134098330702,0.8021813515825492,0.9221789883268483,0.7441860465116279,0.9076751946607341
11,58,0.87,0.8479372660265964,0.7910216718266254,0.9047619047619048,0.7263427109974424,0.912707182320442
11,59,0.87,0.8483667214050857,0.7904360840007005,0.9051383399209486,0.7310704960835509,0.9088913282107574
11,60,0.86,0.8386692854997752,0.7755682043081404,0.8982035928143712,0.7153652392947103,0.9024390243902439
11,61,0.8522222222222222,0.8289238118129282,0.7627880430905329,0.900398406374502,0.6903553299492385,0.8960176991150443
11,62,0.88,0.8588289182257567,0.8076907857770321,0.914396887159533,0.7422680412371134,0.9198218262806236
11,63,0.8733333333333333,0.8485306487692398,0.795678582096983,0.9066147859922179,0.7214854111405835,0.9174917491749175
11,64,0.8655555555555555,0.8429222397896742,0.7840943561194084,0.9133858267716536,0.7095115681233933,0.9058693244739756
11,65,0.86,0.8351374305317565,0.7743862769557666,0.912621359223301,0.6931216931216931,0.8996692392502756
11,66,0.8677777777777778,0.8435165165512156,0.7858877860077368,0.9233716475095786,0.7068493150684931,0.9003285870755751
11,67,0.8755555555555555,0.8515129460536862,0.8000773510249011,0.9213051823416507,0.7176781002638523,0.9155555555555556
11,68,0.8622222222222222,0.8425507101936011,0.7791773763660432,0.9080234833659491,0.7230769230769231,0.896551724137931
11,69,0.8733333333333333,0.8520826698431868,0.7975205143689389,0.9115913555992141,0.7286432160804021,0.916013437849944
11,70,0.8677777777777778,0.8472143061425434,0.7887019671827127,0.9168278529980658,0.7212276214833759,0.9035874439461884
11,71,0.8722222222222222,0.847033571198582,0.7929619049905183,0.9090909090909091,0.7193460490463215,0.9126637554585153
11,72,0.8755555555555555,0.8534447781958536,0.7998252442608627,0.912621359223301,0.7329842931937173,0.9147286821705426
11,73,0.8722222222222222,0.8507194009990093,0.7947869948488562,0.8966861598440545,0.7409326424870466,0.9145394006659268
11,74,0.8711111111111111,0.8486775995170629,0.7917364868099774,0.9176470588235294,0.7214854111405835,0.9069003285870756
11,75,0.8688888888888889,0.8481413552764999,0.7894210864444287,0.9254901960784314,0.7164948453608248,0.9024390243902439
11,76,0.8811111111111111,0.8603776506074393,0.8070217626548034,0.9130434782608695,0.7526881720430108,0.9154013015184381
11,77,0.8688888888888889,0.8480344363691098,0.7899533625262558,0.906930693069307,0.7272727272727273,0.9098998887652948
11,78,0.8722222222222222,0.8501631491247824,0.7935281549795623,0.8986083499005965,0.7382198952879581,0.9136612021857924
11,79,0.8666666666666667,0.8411753468655561,0.7847975403155905,0.9115913555992141,0.7018469656992085,0.9100877192982456
11,80,0.8566666666666667,0.8337907546245771,0.7699035418206753,0.9021956087824351,0.6987341772151898,0.9004424778761062
11,81,0.8633333333333333,0.8405927868803557,0.7804386071041102,0.9037328094302554,0.7131782945736435,0.9048672566371682
11,82,0.8633333333333333,0.8379904646751823,0.7791547632347542,0.9123505976095617,0.6945169712793734,0.907103825136612
11,83,0.8744444444444445,0.8550998934920417,0.798291127189642,0.923679060665362,0.7357512953367875,0.9058693244739756
11,84,0.8722222222222222,0.8484422438406556,0.7926558086423463,0.905511811023622,0.7277628032345014,0.9120521172638436
11,85,0.8811111111111111,0.8582857033972288,0.8072384658343692,0.9254901960784314,0.7331536388140162,0.9162132752992383
11,86,0.8744444444444445,0.8505589205163493,0.7971578160059836,0.9069767441860465,0.7292225201072386,0.9154774972557629
11,87,0.8544444444444445,0.8277557135032877,0.7652292350336126,0.8884462151394422,0.689119170984456,0.9057017543859649
11,88,0.8544444444444445,0.8302935171398588,0.7652988706874414,0.8950495049504951,0.6979166666666666,0.897914379802415
11,89,0.8688888888888889,0.844744082815113,0.7888898828159943,0.9048543689320389,0.7176781002638523,0.9116997792494481
11,90,0.8777777777777778,0.8549845785440775,0.8033044846577498,0.9200779727095516,0.7277486910994765,0.9171270718232044
11,91,0.88,0.8603684523173051,0.8063775876081656,0.9191321499013807,0.7486910994764397,0.9132821075740944
11,92,0.87,0.8498648100420008,0.7913967503060703,0.8984375,0.7422680412371134,0.9088888888888889
11,93,0.8666666666666667,0.8442612085769982,0.7846782634700693,0.8888888888888888,0.736,0.9078947368421053
11,94,0.8811111111111111,0.8575929410750985,0.807562032768409,0.9192307692307692,0.7356948228882834,0.9178532311062432
11,95,0.8688888888888889,0.85022290191817,0.7904403712086381,0.9194499017681729,0.7286432160804021,0.9025755879059351
11,96,0.8755555555555555,0.853115934379676,0.7984173361090946,0.9194499017681729,0.7292225201072386,0.9106753812636166
11,97,0.8711111111111111,0.8482526497932742,0.7923759824354855,0.9041095890410958,0.7277486910994765,0.9128996692392503
11,98,0.8822222222222222,0.859681015821677,0.8094507627961602,0.9105058365758755,0.7473118279569892,0.9212253829321663
11,99,0.8755555555555555,0.8539593989565754,0.7995426071393059,0.9147286821705426,0.7354497354497355,0.9116997792494481
21,0,0.9044444444444445,0.8865730940392916,0.8449211682605324,0.9359223300970874,0.7923497267759563,0.9314472252448314
21,1,0.8922222222222222,0.87195933316129,0.824999248278558,0.9307692307692308,0.7645429362880887,0.9205658324265505
21,2,0.9,0.8786894328066698,0.837909877892108,0.9292543021032504,0.7734806629834254,0.9333333333333333
21,3,0.9011111111111111,0.8821262413358607,0.8399280575539568,0.9206963249516441,0.7913279132791328,0.9343544857768052
21,4,0.8955555555555555,0.8734119650672723,0.8299576099999397,0.9284332688588007,0.7632311977715878,0.9285714285714286
21,5,0.9111111111111111,0.890290709341027,0.8559129714347466,0.9364161849710982,0.7890410958904109,0.9454148471615721
21,6,0.9055555555555556,0.8878549787398243,0.846241045802079,0.9439071566731141,0.7910863509749304,0.9285714285714286
21,7,0.8855555555555555,0.8625164248231895,0.8143330108696305,0.9284332688588007,0.7397260273972602,0.9193899782135077
21,8,0.9011111111111111,0.8798717617248534,0.8397980775769309,0.9299610894941635,0.772972972972973,0.9366812227074236
21,9,0.8833333333333333,0.8620087610444288,0.8104712146889822,0.9194499017681729,0.75,0.9165763813651138
21,10,0.8966666666666666,0.8770510437177105,0.8323720259552991,0.9305019305019305,0.7747252747252747,0.9259259259259259
21,11,0.91,0.8898914115898925,0.853674985849227,0.9429657794676806,0.7887323943661971,0.9379760609357998
21,12,0.89,0.8682535004095611,0.8213720073295616,0.9177820267686424,0.7632311977715878,0.9237472766884531
21,13,0.9077777777777778,0.8898293592747546,0.8500716525034221,0.9409448818897638,0.7934782608695652,0.935064935064935
21,14,0.8877777777777778,0.8647680598631827,0.8178714400779006,0.9263565891472868,0.7452054794520548,0.9227421109902068
21,15,0.9022222222222223,0.8816512079176895,0.8413760229443975,0.9346153846153846,0.7768595041322314,0.9334787350054525
21,16,0.8977777777777778,0.876655616854977,0.8332759464308367,0.9354207436399217,0.7666666666666667,0.9278794402583423
21,17,0.8966666666666666,0.8764432011442881,0.8319023949389969,0.928709055876686,0.7743732590529248,0.9262472885032538
21,18,0.9033333333333333,0.8852051553591109,0.8437662119990742,0.9299610894941635,0.7914438502673797,0.9342105263157895
21,19,0.9,0.8792970756385242,0.8372990844558357,0.9307692307692308,0.776536312849162,0.93058568329718
21,20,0.9066666666666666,0.8892237033237359,0.8482984747575485,0.94140625,0.7945205479452054,0.9317443120260022
21,21,0.9055555555555556,0.8878548987848163,0.8472660625190918,0.9425287356321839,0.7901907356948229,0.9308452250274424
21,22,0.8966666666666666,0.8752157125750517,0.8316586350874088,0.920388349514563,0.7743732590529248,0.9308855291576674
21,23,0.91,0.8940148030155624,0.8541883350668054,0.9498069498069498,0.8010899182561307,0.9311475409836065
21,24,0.8811111111111111,0.8574636218924856,0.8073953774890597,0.9136276391554703,0.7397260273972602,0.9190371991247265
21,25,0.8977777777777778,0.8769490902893998,0.8339410129598209,0.9272030651340997,0.7743732590529248,0.9292709466811752
21,26,0.9177777777777778,0.9026173361578994,0.8663415515217195,0.9420849420849421,0.8254847645429363,0.9402823018458197
21,27,0.8922222222222222,0.8721251574206127,0.8253552909544843,0.9341085271317829,0.7608695652173914,0.9213973799126638
21,28,0.8966666666666666,0.8748243491182507,0.8324750263696717,0.9302325581395349,0.7629427792915532,0.9312977099236641
21,29,0.8933333333333333,0.871532711658847,0.8275603987665778,0.9197651663405088,0.7626666666666667,0.9321663019693655
21,30,0.8922222222222222,0.8706467111691069,0.825431422343978,0.9263565891472868,0.7588075880758808,0.926775956284153
21,31,0.9044444444444445,0.8861221200096292,0.8447491515360608,0.9354207436399217,0.7901907356948229,0.9327548806941431
21,32,0.8977777777777778,0.8781931405518989,0.8344,0.9260700389105059,0.7783783783783784,0.9301310043668122
21,33,0.9011111111111111,0.8834465633378109,0.8396771927296309,0.9343629343629344,0.7890410958904109,0.9269356597600873
21,34,0.8933333333333333,0.873547567445441,0.8276996709542328,0.9289827255278311,0.7675675675675676,0.9240924092409241
21,35,0.8944444444444445,0.8755153878104611,0.8287547768404355,0.9297912713472486,0.776536312849162,0.9202185792349726
21,36,0.8988888888888888,0.8775180767700319,0.8353467669463158,0.928709055876686,0.773109243697479,0.9307359307359307
21,37,0.8977777777777778,0.8736070561651955,0.8336093114480009,0.9224806201550387,0.7611111111111111,0.9372294372294372
21,38,0.8988888888888888,0.8808908072893423,0.8362942944863758,0.9420849420849421,0.7771739130434783,0.9234135667396062
21,39,0.8933333333333333,0.872213129750611,0.827327777444691,0.9221789883268483,0.7654986522911051,0.9289617486338798
21,40,0.8988888888888888,0.8800722138280133,0.8356612977339719,0.9284332688588007,0.7845303867403315,0.9272529858849077
21,41,0.9033333333333333,0.8857142120828835,0.8435157983092512,0.935672514619883,0.7903225806451613,0.9311475409836065
21,42,0.8955555555555555,0.8769586617121622,0.8310544320253698,0.9325626204238922,0.7750677506775068,0.9232456140350878
21,43,0.9,0.8812032742187531,0.8375803075146178,0.94140625,0.7759562841530054,0.9262472885032538
21,44,0.8822222222222222,0.8603753416406602,0.809089271777631,0.91796875,0.745945945945946,0.9172113289760349
21,45,0.9044444444444445,0.8835472366265488,0.8447211199338761,0.9224806201550387,0.7878787878787878,0.9402823018458197
21,46,0.8866666666666667,0.8632581178041621,0.8152843172763492,0.9168278529980658,0.7507002801120448,0.9222462203023758
21,47,0.8933333333333333,0.872055857502334,0.8269303574969803,0.923679060665362,0.7642276422764228,0.9282608695652174
21,48,0.8988888888888888,0.8812808234689862,0.8359108749616825,0.9320388349514563,0.7868852459016393,0.9249183895538629
21,49,0.8866666666666667,0.8647714604236344,0.8158261141717592,0.926923076923077,0.75,0.9173913043478261
21,50,0.8966666666666666,0.8759726965885629,0.8323277001851006,0.9281553398058252,0.7704918032786885,0.9292709466811752
21,51,0.8955555555555555,0.8750205918206935,0.8305600730634579,0.9341085271317829,0.7650273224043715,0.9259259259259259
21,52,0.9,0.8798856611262965,0.8373072542887616,0.9323017408123792,0.7777777777777778,0.9295774647887324
21,53,0.8933333333333333,0.8721671237705343,0.8271889400921659,0.9425287356321839,0.7527472527472527,0.9212253829321663
21,54,0.9066666666666666,0.8876531041097385,0.848246098258644,0.935672514619883,0.7912087912087912,0.9360780065005417
21,55,0.8988888888888888,0.8802199204623596,0.8356319439984587,0.9296875,0.7835616438356164,0.9274106175514626
21,56,0.8955555555555555,0.8751493760612966,0.8305244327276151,0.9299610894941635,0.7683923705722071,0.9270946681175191
21,57,0.91,0.8878588524469864,0.8527445269039183,0.9364161849710982,0.7851002865329513,0.9420600858369099
21,58,0.8944444444444445,0.8759053635175765,0.8291954004618716,0.9328214971209213,0.773841961852861,0.9210526315789473
21,59,0.8944444444444445,0.8739836295665863,0.8282663538637057,0.926923076923077,0.770949720670391,0.9240780911062907
21,60,0.8988888888888888,0.8785425858975194,0.8354846874209061,0.9411764705882353,0.7705382436260623,0.9239130434782609
21,61,0.9033333333333333,0.8861049103777613,0.8425703457219547,0.9263565891472868,0.8022284122562674,0.9297297297297298
21,62,0.9044444444444445,0.8839251748217837,0.8455502919378849,0.9354207436399217,0.776595744680851,0.9397590361445783
21,63,0.9044444444444445,0.8855191035535009,0.8449214789762414,0.9436893203883495,0.7814207650273224,0.9314472252448314
21,64,0.9,0.8782613007514218,0.8371335504885993,0.9263565891472868,0.7743732590529248,0.9340540540540541
21,65,0.9122222222222223,0.8959298695921141,0.8565045228321284,0.9328214971209213,0.8194842406876791,0.9354838709677419
21,66,0.8977777777777778,0.879091613593373,0.8344513200907718,0.9216061185468452,0.7878787878787878,0.9277899343544858
21,67,0.8966666666666666,0.8750825329477014,0.8317148199529525,0.9192307692307692,0.7752808988764045,0.9307359307359307
21,68,0.9055555555555556,0.884091170151364,0.8467204180425095,0.9364161849710982,0.7768595041322314,0.9389978213507625
21,69,0.8966666666666666,0.8764784666463502,0.8318872017353579,0.9341085271317829,0.7700831024930748,0.9252437703141928
21,70,0.8955555555555555,0.8777210196299553,0.8312670527978555,0.9281553398058252,0.7807486631016043,0.9242590559824369
21,71,0.9211111111111111,0.9051752295938343,0.8715836012861736,0.9418604651162791,0.8277777777777777,0.9458874458874459
21,72,0.8944444444444445,0.8731600646023493,0.828822660276046,0.9436893203883495,0.7520435967302452,0.9237472766884531
21,73,0.91,0.8919761784149878,0.8548196298199285,0.9343629343629344,0.8,0.9415656008820287
21,74,0.9088888888888889,0.8898049563264193,0.8519707150737138,0.9425287356321839,0.7910863509749304,0.9357997823721437
21,75,0.89,0.8654568220025397,0.8214865303472898,0.9219047619047619,0.7465181058495822,0.9279475982532751
21,76,0.8866666666666667,0.8641513088820182,0.8163206505210251,0.9198473282442748,0.7513812154696132,0.9212253829321663
21,77,0.9088888888888889,0.8907288498943163,0.8517387548466159,0.933852140077821,0.8011049723756906,0.9372294372294372
21,78,0.9022222222222223,0.8827341505373575,0.8416557371805125,0.9346153846153846,0.7814207650273224,0.9321663019693655
21,79,0.8966666666666666,0.8778560527855581,0.8328587346787173,0.9361702127659575,0.772972972972973,0.9244249726177437
21,80,0.9022222222222223,0.8840550971363403,0.8420154992370067,0.9389312977099237,0.784741144414169,0.9284928492849285
21,81,0.9033333333333333,0.884733132334984,0.8435598818007995,0.9384615384615385,0.784741144414169,0.9309967141292442
21,82,0.9022222222222223,0.8828231237061641,0.841649721987296,0.9354207436399217,0.7795698924731183,0.9334787350054525
21,83,0.91,0.8939994387903974,0.8540636954915891,0.9473684210526315,0.8021680216802168,0.9324618736383442
21,84,0.8833333333333333,0.8607174101115712,0.8109871471260046,0.9297912713472486,0.7388888888888889,0.9134720700985761
21,85,0.8822222222222222,0.8625282782451325,0.8103952682290838,0.9239766081871345,0.7486910994764397,0.9149171270718232
21,86,0.8977777777777778,0.8784316202870168,0.8343910571170843,0.9325626204238922,0.7759562841530054,0.926775956284153
21,87,0.8988888888888888,0.8788940688247266,0.8365027968202888,0.9307692307692308,0.7750677506775068,0.9308452250274424
21,88,0.89,0.8669747280394056,0.8210721213898138,0.9195402298850575,0.7563025210084033,0.9250814332247557
21,89,0.8866666666666667,0.8626175033219203,0.8162838914193771,0.918918918918919,0.7431693989071039,0.925764192139738
21,90,0.8988888888888888,0.8792102600172768,0.8354708066149173,0.9377431906614786,0.7734806629834254,0.9264069264069265
21,91,0.8833333333333333,0.8624623723071881,0.8113441083463762,0.921875,0.7486631016042781,0.9168490153172867
21,92,0.9166666666666666,0.9009844353538811,0.8651801193605343,0.9479768786127167,0.8152173913043478,0.9397590361445783
21,93,0.9066666666666666,0.887233328346936,0.8482083160158297,0.9377431906614786,0.7878787878787878,0.9360780065005417
21,94,0.9066666666666666,0.8889500929741448,0.8488350702636989,0.9400386847195358,0.7934782608695652,0.9333333333333333
21,95,0.9055555555555556,0.8886955725665402,0.8474308552647324,0.9536679536679536,0.7849462365591398,0.9274725274725275
21,96,0.8888888888888888,0.8668833717068489,0.8195655137571272,0.9210019267822736,0.7569060773480663,0.9227421109902068
21,97,0.9011111111111111,0.8820662087894884,0.8401561321375974,0.9297912713472486,0.7857142857142857,0.9306930693069307
21,98,0.9044444444444445,0.8868545423502843,0.8449873226066162,0.9325626204238922,0.7967032967032966,0.9312977099236641
21,99,0.8844444444444445,0.861337993118815,0.8119587032382881,0.9080234833659491,0.7527472527472527,0.9232432432432433
