item,consensus,agreement,mean,sd,Theme,Category
I1,Neutral,0.5392156862745098,4.686274509803922,0.954202711685196,Acorns 1,Object
I2,Neutral,0.6372549019607843,4.519607843137255,0.8411495217603575,Acorns 2,Object
I3,Positive,0.49019607843137253,4.754901960784314,0.9589213671166937,Acorns 3,Object
I4,Positive,0.5462962962962963,4.685185185185185,1.189110624599528,Alcohol 1,Object
I5,Neutral,0.48148148148148145,4.25,1.1366864452285665,Alcohol 2,Object
I6,Neutral,0.6388888888888888,4.166666666666667,0.9521250212418358,Alcohol 3,Object
I7,Positive,0.5740740740740741,4.768518518518518,1.1729544252723585,Alcohol 4,Object
I8,Positive,0.7941176470588235,5.333333333333333,1.1286839206524002,Alcohol 5,Object
I9,Neutral,0.46296296296296297,4.537037037037037,1.0450231489268589,Alcohol 6,Object
I10,Positive,0.46534653465346537,4.475247524752476,1.1540715697558845,Alcohol 7,Object
I11,Positive,0.7920792079207921,5.475247524752476,1.1008547534160953,Alcohol 8,Object
I12,Negative,0.8518518518518519,2.3333333333333335,1.0677953529997453,Ambulance 1,Object
I13,Negative,0.6732673267326733,3.1782178217821784,1.0714106552014535,Ambulance 2,Object
I14,Negative,0.5742574257425742,3.287128712871287,1.0985138475537424,Ambulance 3,Object
I15,Negative,0.5392156862745098,3.3823529411764706,0.9548637106322311,Angry face 1,Person
I16,Negative,0.7254901960784313,3.0784313725490198,1.0406231426153334,Angry face 2,Person
I17,Negative,0.8529411764705882,2.5,1.0600765897979372,Angry face 3,Person
I18,Negative,0.8529411764705882,2.4901960784313726,1.1410009331676374,Angry face 4,Person
I19,Negative,0.7843137254901961,2.8529411764705883,1.0282837650454413,Angry face 5,Person
I20,Negative,0.7592592592592593,2.814814814814815,1.0425359820155666,Angry pose 1,Person
I21,Negative,0.7777777777777778,2.8055555555555554,0.9996105160514384,Angry pose 2,Person
I22,Negative,0.7592592592592593,2.7222222222222223,1.2367679716003013,Animal carcass 1,Animal
I23,Negative,0.6078431372549019,3.2549019607843137,1.3979211900745634,Animal carcass 2,Animal
I24,Negative,0.6944444444444444,2.75,1.361177335367349,Animal carcass 3,Animal
I25,Negative,0.4215686274509804,3.7941176470588234,1.3667786460177997,Animal carcass 4,Animal
I26,Negative,0.9117647058823529,1.6176470588235294,1.0440222831264336,Animal carcass 5,Animal
I27,Negative,0.7314814814814815,2.3981481481481484,1.4721071096672915,Animal carcass 6,Animal
I28,Positive,0.4117647058823529,4.294117647058823,1.2788317324353184,Archery 1,Person
I29,Positive,0.5294117647058824,4.813725490196078,0.972191483368331,Archery 2,Person
I30,Positive,0.8518518518518519,5.712962962962963,1.0855975220696892,Astronaut 1,Person
I31,Positive,0.6470588235294118,5.137254901960785,1.1521758639679909,Astronaut 2,Person
I32,Positive,0.9166666666666666,6.175925925925926,0.9937063981260786,Baby 1,Person
I33,Positive,0.8888888888888888,6.027777777777778,1.0542156878508797,Baby 2,Person
I34,Positive,0.8811881188118812,5.841584158415841,1.1638958137851236,Baby 3,Person
I35,Positive,0.8613861386138614,5.920792079207921,1.2384116304107586,Baby 4,Person
I36,Positive,0.8981481481481481,6.138888888888889,1.063043886815568,Baby 5,Person
I37,Positive,0.9259259259259259,6.046296296296297,0.9895175758334719,Baby 6,Person
I38,Negative,0.7745098039215687,2.9705882352941178,1.3084332884619188,Baby 7,Person
I39,Positive,0.9166666666666666,6.101851851851852,1.1185756531704494,Baby 8,Person
I40,Positive,0.8725490196078431,5.852941176470588,1.2218883196972068,Baby 9,Person
I41,Positive,0.7647058823529411,5.421568627450981,1.3382142268806665,Baby 10,Person
I42,Positive,0.6237623762376238,4.871287128712871,1.1105256983666218,Band 1,Person
I43,Positive,0.7254901960784313,5.1568627450980395,1.1146646082545908,Band 2,Person
I44,Positive,0.6078431372549019,4.901960784313726,1.1816233498967261,Bar 1,Scene
I45,Positive,0.5544554455445545,4.752475247524752,1.023776739275311,Bar 2,Scene
I46,Positive,0.5098039215686274,4.490196078431373,1.303043642189246,Bar 3,Scene
I47,Positive,0.5294117647058824,4.715686274509804,1.1550787635944033,Barbeque 1,Person
I48,Positive,0.6831683168316832,5.148514851485149,1.2679600830772346,Barbeque 2,Person
I49,Neutral,0.75,4.037037037037037,0.8638744059582061,Bark 1,Object
I50,Neutral,0.7129629629629629,4.2592592592592595,0.8578430936237412,Bark 2,Object
I51,Neutral,0.5980392156862745,4.627450980392157,0.9325953207188807,Bark 3,Object
I52,Neutral,0.7425742574257426,4.237623762376238,0.7368651823975014,Bark 4,Object
I53,Neutral,0.7623762376237624,4.198019801980198,0.616762547179999,Bark 5,Object
I54,Neutral,0.7227722772277227,4.257425742574258,0.6878003394377564,Bark 6,Object
I55,Neutral,0.693069306930693,4.207920792079208,0.5712588149546284,Barrels 1,Object
I56,Positive,0.4803921568627451,4.333333333333333,1.484796437915381,BDSM 1,Person
I57,Negative,0.4158415841584158,3.9306930693069306,1.570079142862386,BDSM 2,Person
I58,Negative,0.3888888888888889,3.9537037037037037,1.637094869676954,BDSM 3,Person
I59,Positive,0.9702970297029703,6.366336633663367,0.8452546631309138,Beach 1,Scene
I60,Positive,0.9509803921568627,6.323529411764706,0.9351419091322408,Beach 2,Scene
I61,Positive,0.8118811881188119,5.514851485148514,1.0827175198188916,Beach 3,Scene
I62,Positive,0.9074074074074074,5.925925925925926,0.9735156801554253,Beach 4,Scene
I63,Positive,0.7870370370370371,5.592592592592593,1.2383063277880577,Beach 5,Scene
I64,Positive,0.9259259259259259,6.055555555555555,0.9651239166318637,Beach 6,Scene
I65,Positive,0.9117647058823529,6.068627450980392,0.967387048402655,Beach 7,Scene
I66,Positive,0.8823529411764706,5.852941176470588,1.0088426740874854,Beach 8,Scene
I67,Positive,0.75,5.148148148148148,1.142343997937008,Bear 1,Animal
I68,Positive,0.4351851851851852,4.416666666666667,1.3193385485187177,Bear 2,Animal
I69,Positive,0.8514851485148515,5.465346534653466,0.9650321905060324,Bear 3,Animal
I70,Neutral,0.6138613861386139,4.01980198019802,0.9162990562016526,Bed 1,Object
I71,Negative,0.4444444444444444,3.6481481481481484,1.4808106823333043,Bee 1,Animal
I72,Positive,0.6862745098039216,5.088235294117647,1.0254478970835528,Biking 1,Person
I73,Neutral,0.5980392156862745,4.519607843137255,0.8172689628033348,Billiards 1,Object
I74,Positive,0.9166666666666666,5.907407407407407,1.0096454178825156,Bird 1,Animal
I75,Positive,0.801980198019802,5.475247524752476,1.1008547534160953,Bird 2,Animal
I76,Positive,0.9444444444444444,6.037037037037037,0.9562966528933707,Bird 3,Animal
I77,Positive,0.8137254901960784,5.549019607843137,1.0682404425858827,Bird 4,Animal
I78,Positive,0.5294117647058824,4.470588235294118,1.3766502777346736,Bird 5,Animal
I79,Positive,0.9019607843137255,5.784313725490196,0.9505334716883171,Birthday 1,Scene
I80,Positive,0.7524752475247525,5.326732673267327,1.1756607579662521,Birthday 2,Person
I81,Positive,0.8137254901960784,5.568627450980392,1.0484293195303458,Birthday 3,Scene
I82,Negative,0.8921568627450981,1.8431372549019607,1.0600308050746645,Bloody knife 1,Object
I83,Negative,0.8316831683168316,2.257425742574257,1.101394255900535,Bloody knife 2,Object
I84,Positive,0.46296296296296297,4.574074074074074,1.1290861717543077,Boat 1,Object
I85,Neutral,0.6296296296296297,3.6481481481481484,0.7771841674812054,Bored face 1,Person
I86,Neutral,0.45098039215686275,3.5588235294117645,1.0677405533845172,Bored pose 1,Person
I87,Negative,0.6764705882352942,3.1862745098039214,0.9721914833683309,Bored pose 2,Person
I88,Negative,0.7156862745098039,3.088235294117647,0.857153257279446,Bored pose 3,Person
I89,Negative,0.6176470588235294,3.127450980392157,1.0212743798604884,Bored pose 4,Person
I90,Neutral,0.4752475247524752,3.801980198019802,0.9275753552159309,Bored pose 5,Person
I91,Positive,0.4803921568627451,4.5588235294117645,1.2070217779767654,Bored pose 6,Person
I92,Neutral,0.7647058823529411,4.176470588235294,0.801134896811242,Bottle 1,Object
I93,Neutral,0.4117647058823529,3.735294117647059,1.2736979030688114,Boxing 1,Person
I94,Negative,0.4117647058823529,3.696078431372549,1.051064671788879,Boxing 2,Person
I95,Neutral,0.803921568627451,4.1568627450980395,0.7140055472954167,Bricks 1,Object
I96,Positive,0.9108910891089109,5.891089108910891,0.9990094103561779,Bridge 1,Scene
I97,Positive,0.48514851485148514,4.792079207920792,1.089190816002121,Bubble 1,Object
I98,Positive,0.6336633663366337,5.0,1.0392304845413265,Bubble 2,Object
I99,Positive,0.6388888888888888,5.037037037037037,1.484662559137021,Building 1,Scene
I100,Neutral,0.4722222222222222,4.796296296296297,1.1336753500180246,Building 2,Scene
I101,Positive,0.46296296296296297,4.203703703703703,1.358663852021497,Bungee jumping 1,Person
I102,Positive,0.6176470588235294,4.764705882352941,1.1788269936488367,Bungee jumping 2,Person
I103,Positive,0.7037037037037037,5.111111111111111,1.362606993712656,Bungee jumping 3,Person
I104,Positive,0.8514851485148515,5.603960396039604,0.9806039763410311,Camping 1,Person
I105,Positive,0.6534653465346535,4.96039603960396,1.1568992357090389,Camping 2,Person
I106,Positive,0.6666666666666666,5.018518518518518,1.0320244281094353,Camping 3,Person
I107,Positive,0.8137254901960784,5.6568627450980395,1.1301020547905816,Camping 4,Person
I108,Neutral,0.5247524752475248,3.881188118811881,1.0028671767773765,Camping 6,Person
I109,Positive,0.7941176470588235,5.215686274509804,0.8745856272622515,Camping 7,Person
I110,Negative,0.46078431372549017,3.5588235294117645,1.3466021001300081,Camping 8,Person
I111,Neutral,0.35294117647058826,3.9901960784313726,1.2546554735114306,Camping 9,Person
I112,Positive,0.6078431372549019,4.9411764705882355,1.1153610560627798,Camping 10,Scene
I113,Positive,0.6568627450980392,5.049019607843137,1.0184189939000934,Candle 1,Object
I114,Positive,0.6372549019607843,5.2254901960784315,1.281296239890829,Car 1,Object
I115,Negative,0.3564356435643564,3.9207920792079207,1.0925490223951664,Car 2,Object
I116,Negative,0.9313725490196079,2.1470588235294117,0.9270100859622994,Car accident 1,Object
I117,Negative,0.9351851851851852,1.9722222222222223,1.008916633119739,Car accident 2,Object
I118,Negative,0.7745098039215687,2.676470588235294,1.2520222430716577,Car accident 3,Object
I119,Negative,0.9351851851851852,2.0277777777777777,0.9418448126365312,Car accident 4,Object
I120,Negative,0.9901960784313726,1.8529411764705883,0.7629678739655771,Car crash 1,Scene
I121,Negative,0.9702970297029703,1.99009900990099,0.8306027871967502,Car crash 2,Scene
I122,Negative,0.9607843137254902,2.0294117647058822,0.8260113195702835,Car crash 3,Scene
I123,Neutral,0.4537037037037037,4.388888888888889,1.1667779208190834,Car race 1,Scene
I124,Neutral,0.44554455445544555,4.366336633663367,1.0651081849016815,Car race 2,Scene
I125,Neutral,0.49504950495049505,4.396039603960396,1.0777681375953927,Car race 3,Scene
I126,Neutral,0.5294117647058824,4.147058823529412,1.1379768292158965,Car race 4,Scene
I127,Neutral,0.8981481481481481,4.018518518518518,0.431937202979103,Cardboard 1,Object
I128,Neutral,0.8703703703703703,4.0092592592592595,0.5879692656849509,Cardboard 2,Object
I129,Neutral,0.7352941176470589,3.7450980392156863,0.8045203295070775,Cardboard 3,Object
I130,Positive,0.7647058823529411,5.421568627450981,1.1641193034519206,Cat 1,Animal
I131,Positive,0.8118811881188119,5.4950495049504955,1.1715268872393634,Cat 2,Animal
I132,Positive,0.9166666666666666,6.0,1.119078392516865,Cat 3,Animal
I133,Positive,0.8823529411764706,5.8431372549019605,1.0785496131858197,Cat 4,Animal
I134,Positive,0.9411764705882353,6.215686274509804,0.9913232578689577,Cat 5,Animal
I135,Positive,0.5784313725490197,4.715686274509804,1.4649532887520977,Cat 6,Animal
I136,Negative,0.696078431372549,3.323529411764706,1.2599054239680871,Cat 7,Animal
I137,Positive,0.5588235294117647,4.764705882352941,1.3800306395524953,Cat 8,Animal
I138,Positive,0.7407407407407407,5.333333333333333,1.339549373246274,Cat 9,Animal
I139,Positive,0.7843137254901961,5.450980392156863,1.1572197047908752,Cat 10,Animal
I140,Positive,0.7722772277227723,5.366336633663367,1.1808706303166976,Cat 11,Animal
I141,Positive,0.7314814814814815,5.185185185185185,1.239144626199171,Cat 12,Animal
I142,Positive,0.8217821782178217,5.455445544554456,1.1621080197231883,Cat 13,Animal
I143,Positive,0.8529411764705882,5.705882352941177,1.156884132881604,Cat 14,Animal
I144,Positive,0.7647058823529411,5.323529411764706,1.10947106036158,Celebration 1,Person
I145,Positive,0.6274509803921569,4.892156862745098,1.0708270399125537,Celebration 2,Scene
I146,Neutral,0.35294117647058826,4.107843137254902,1.3563701030097113,Cemetery 1,Scene
I147,Negative,0.37623762376237624,3.99009900990099,1.292246489683377,Cemetery 2,Scene
I148,Negative,0.6759259259259259,2.9444444444444446,1.372856584823124,Cemetery 3,Scene
I149,Negative,0.7450980392156863,2.7941176470588234,1.188544623754529,Cemetery 4,Scene
I150,Negative,0.8235294117647058,2.5098039215686274,1.2247052426888756,Cemetery 5,Scene
I151,Positive,0.7352941176470589,5.294117647058823,1.2153167316791782,Cheerleader 1,Person
I152,Positive,0.7722772277227723,5.198019801980198,1.1047153658766409,Cheerleader 2,Person
I153,Neutral,0.4351851851851852,4.2592592592592595,1.0081014854932273,Child labor 1,Person
I154,Negative,0.7722772277227723,2.8217821782178216,1.1260198897351714,Child labor 2,Person
I155,Neutral,0.4215686274509804,4.088235294117647,1.1782092568807196,Child labor 3,Person
I156,Neutral,0.5370370370370371,4.018518518518518,0.9951422335899628,Child labor 4,Person
I157,Positive,0.8910891089108911,5.7227722772277225,1.0499410638810933,Children 1,Person
I158,Positive,0.7843137254901961,5.411764705882353,1.0841151995386396,Chipmunk 1,Animal
I159,Positive,0.9411764705882353,5.735294117647059,0.9326473614164865,Chipmunk 2,Animal
I160,Positive,0.8725490196078431,5.529411764705882,0.908767878225174,Chipmunk 3,Animal
I161,Positive,0.44554455445544555,4.435643564356436,1.0432242480325926,City 1,Scene
I162,Positive,0.6203703703703703,5.046296296296297,1.0798430074477576,Clean 1,Object
I163,Positive,0.6470588235294118,4.833333333333333,1.267126892247223,Cliff diver 1,Person
I164,Positive,0.693069306930693,5.108910891089109,1.0573645549100832,Cliff diver 2,Person
I165,Positive,0.7777777777777778,5.12037037037037,1.3990490267681102,Cliff diver 3,Person
I166,Negative,0.8921568627450981,2.0588235294117645,1.1758588974735098,Cockroach 1,Animal
I167,Negative,0.8431372549019608,2.264705882352941,1.2968085012352233,Cockroach 2,Animal
I168,Negative,0.7843137254901961,2.450980392156863,1.309730914699144,Cockroach 3,Animal
I169,Negative,0.8333333333333334,2.284313725490196,1.2378314716014347,Cockroach 4,Animal
I170,Positive,0.8431372549019608,5.549019607843137,1.0956931978296396,Coffee 1,Object
I171,Neutral,0.40594059405940597,3.99009900990099,1.0535183862178248,Cold 1,Object
I172,Positive,0.5544554455445545,4.732673267326732,0.7986374535283314,Cold 2,Object
I173,Positive,0.5882352941176471,4.882352941176471,1.0651464608729053,Cold 3,Object
I174,Positive,0.6568627450980392,5.068627450980392,1.0269613345230284,Cold 4,Object
I175,Positive,0.8333333333333334,5.4907407407407405,1.0366676516641786,Cold 5,Scene
I176,Positive,0.6372549019607843,4.96078431372549,1.0983477116073437,Cold 6,Person
I177,Positive,0.7254901960784313,5.294117647058823,1.1482939156484289,Cold 7,Person
I178,Positive,0.8316831683168316,5.524752475247524,1.1627042565153067,Cold 8,Object
I179,Positive,0.8235294117647058,5.431372549019608,0.9699423676006248,Collaboration 1,Person
I180,Neutral,0.803921568627451,4.098039215686274,0.7380708587299118,Cotton swabs 1,Object
I181,Neutral,0.8431372549019608,4.0588235294117645,0.5231952366741396,Cotton swabs 2,Object
I182,Neutral,0.803921568627451,4.127450980392157,0.6080575895643044,Cotton swabs 3,Object
I183,Positive,0.8431372549019608,5.53921568627451,1.248139753436265,Couple 1,Person
I184,Positive,0.8725490196078431,5.627450980392157,1.0892959723578661,Couple 2,Person
I185,Negative,0.4537037037037037,4.0092592592592595,1.410874789084493,Couple 3,Person
I186,Positive,0.8823529411764706,5.970588235294118,1.2384586584028927,Couple 4,Person
I187,Positive,0.7129629629629629,4.9907407407407405,1.278838333628737,Couple 5,Animal
I188,Positive,0.8627450980392157,5.607843137254902,1.1004667123777285,Couple 6,Person
I189,Positive,0.9166666666666666,5.916666666666667,0.9582402094805982,Couple 7,Person
I190,Positive,0.8703703703703703,5.7592592592592595,1.0578621570750175,Couple 8,Person
I191,Positive,0.8981481481481481,5.814814814814815,1.0060392232199373,Couple 9,Person
I192,Neutral,0.8240740740740741,3.962962962962963,0.6687402849454307,Crosswalk 1 ,Scene
I193,Positive,0.47058823529411764,4.705882352941177,1.0953387766015965,Crow 1,Animal
I194,Neutral,0.46296296296296297,4.407407407407407,1.1842978679135656,Crow 2,Animal
I195,Neutral,0.7722772277227723,4.2772277227722775,0.6183657797968468,Cups 1,Object
I196,Neutral,0.8514851485148515,4.148514851485149,0.4332698607995111,Cups 2,Object
I197,Neutral,0.5,4.7254901960784315,0.9027665152690646,Cups 3,Object
I198,Neutral,0.7407407407407407,4.138888888888889,0.6183839858001507,Cups 4,Object
I199,Positive,0.7843137254901961,5.303921568627451,0.9625586332792851,Dancing 1,Person
I200,Positive,0.7549019607843137,5.215686274509804,1.1046925201014812,Dancing 2,Person
I201,Positive,0.6372549019607843,4.882352941176471,1.2129182356929142,Dancing 3,Person
I202,Positive,0.803921568627451,5.53921568627451,1.1996003346614328,Dancing 4,Person
I203,Positive,0.8529411764705882,5.696078431372549,1.060442796420761,Dancing 5,Person
I204,Positive,0.9259259259259259,5.805555555555555,0.9418448126365312,Dancing 6,Person
I205,Positive,0.8981481481481481,5.87037037037037,1.094528384697388,Dancing 7,Person
I206,Positive,0.803921568627451,5.313725490196078,0.8897701578493529,Dancing 8,Person
I207,Positive,0.8811881188118812,5.584158415841584,0.9722893266170649,Dancing 9,Person
I208,Negative,0.9702970297029703,1.198019801980198,0.7351163442639269,Dead bodies 1,Person
I209,Negative,0.9801980198019802,1.2475247524752475,0.6986550020440618,Dead bodies 2,Person
I210,Negative,0.9509803921568627,1.3235294117647058,0.8103509166017364,Dead bodies 3,Person
I211,Neutral,0.49019607843137253,3.764705882352941,0.8807790272347205,Depressed face 1,Person
I212,Neutral,0.5185185185185185,3.824074074074074,1.0396683844389703,Depressed face 2,Person
I213,Negative,0.8611111111111112,2.6944444444444446,0.8255084339089629,Depressed pose 1,Person
I214,Negative,0.5445544554455446,3.485148514851485,0.9339578297347114,Depressed pose 2,Person
I215,Negative,0.8823529411764706,2.656862745098039,0.9595285356244172,Depressed pose 3,Person
I216,Negative,0.6372549019607843,3.2549019607843137,0.8287683156263976,Depressed pose 4,Person
I217,Positive,0.3425925925925926,4.0,1.3942471924464686,Desert 1,Scene
I218,Positive,0.8137254901960784,5.333333333333333,1.1198774096039503,Dessert 1,Object
I219,Positive,0.8627450980392157,5.735294117647059,1.1073692899487015,Dessert 2,Object
I220,Positive,0.8712871287128713,5.633663366336633,1.0744558834798916,Dessert 3,Object
I221,Positive,0.8240740740740741,5.388888888888889,1.039710000305471,Dessert 4,Object
I222,Positive,0.8910891089108911,5.534653465346534,0.9007147876619276,Dessert 5,Object
I223,Positive,0.8725490196078431,5.588235294117647,1.0932098362477007,Dessert 6,Object
I224,Positive,0.8055555555555556,5.453703703703703,1.1222828808544891,Dessert 7,Object
I225,Positive,0.9259259259259259,5.768518518518518,0.9131078846443359,Dessert 8,Person
I226,Negative,0.5980392156862745,3.176470588235294,1.5312698716811686,Destruction 1,Scene
I227,Negative,0.9444444444444444,1.8425925925925926,0.9389001025462932,Destruction 4,Scene
I228,Negative,0.9108910891089109,2.1485148514851486,1.0806122210475075,Destruction 5,Scene
I229,Negative,0.8910891089108911,2.00990099009901,1.1873925172827264,Destruction 6,Scene
I230,Negative,0.9306930693069307,2.00990099009901,0.9538873047163432,Destruction 7,Scene
I231,Negative,0.8529411764705882,2.235294117647059,1.1360559757182107,Destruction 8,Scene
I232,Neutral,0.6203703703703703,3.5555555555555554,0.8789685260473957,Destruction 9,Scene
I233,Negative,0.900990099009901,2.099009900990099,1.0440780669571552,Destruction 10,Scene
I234,Negative,0.9705882352941176,1.607843137254902,0.8224193089324396,Dirt 1,Scene
I235,Negative,0.9019607843137255,2.1862745098039214,1.0218444995810343,Destruction 2,Scene
I236,Negative,0.9351851851851852,1.8981481481481481,0.9165132506378015,Destruction 3,Scene
I237,Positive,0.8431372549019608,5.598039215686274,1.0740854172715586,Dirt 2,Scene
I238,Neutral,0.8118811881188119,4.138613861386139,0.5662102607741585,Dirt 3,Scene
I239,Neutral,0.7745098039215687,4.0,0.8083720347307009,Dirt 4,Scene
I240,Neutral,0.594059405940594,3.5445544554455446,0.8309603176475701,Dirt 5,Scene
I241,Positive,0.8118811881188119,5.564356435643564,1.023873445149921,Dock 1,Scene
I242,Positive,0.5,4.666666666666667,1.1198774096039503,Doctor 1,Person
I243,Neutral,0.4351851851851852,4.055555555555555,1.288579115565533,Doctor 2,Person
I244,Neutral,0.5092592592592593,4.351851851851852,1.162617211977065,Doctor 3,Person
I245,Negative,0.42574257425742573,3.8118811881188117,1.197604870457103,Doctor 4,Person
I246,Negative,0.43564356435643564,3.6831683168316833,1.0576454327354412,Doctor 5,Person
I247,Neutral,0.5686274509803921,4.382352941176471,0.9015291481101728,Doctor 6,Person
I248,Negative,0.5,3.343137254901961,1.1560867592166058,Doctor 7,Person
I249,Negative,0.4158415841584158,3.732673267326733,1.130407794637943,Doctor 8,Person
I250,Negative,0.43137254901960786,3.676470588235294,1.195385224837603,Doctor 9,Person
I251,Positive,0.7029702970297029,5.138613861386139,1.1918867645065703,Dog 1,Animal
I252,Positive,0.900990099009901,5.900990099009901,1.034455900413831,Dog 2,Animal
I253,Positive,0.8823529411764706,5.745098039215686,1.0116771146727364,Dog 3,Animal
I254,Positive,0.9444444444444444,6.203703703703703,0.9546664462195978,Dog 4,Animal
I255,Positive,0.900990099009901,5.9405940594059405,1.0753769774197122,Dog 5,Animal
I256,Positive,0.9803921568627451,6.490196078431373,0.7802652257782136,Dog 6,Animal
I257,Positive,0.8137254901960784,5.6568627450980395,1.0854127110236897,Dog 7,Animal
I258,Positive,0.7843137254901961,5.431372549019608,1.3387581353558817,Dog 8,Animal
I259,Positive,0.38235294117647056,4.127450980392157,1.1996003346614328,Dog 9,Animal
I260,Positive,0.9117647058823529,5.647058823529412,0.9402660127449862,Dog 10,Animal
I261,Positive,0.8333333333333334,5.657407407407407,1.0604357862534852,Dog 11,Animal
I262,Positive,0.9801980198019802,6.287128712871287,0.7789304675433659,Dog 12,Animal
I263,Positive,0.8627450980392157,5.852941176470588,1.1379768292158963,Dog 13,Animal
I264,Positive,0.900990099009901,5.891089108910891,0.9889488368870242,Dog 14,Animal
I265,Negative,0.5294117647058824,3.4313725490196076,1.7435016769297371,Dog 15,Animal
I266,Positive,0.7843137254901961,5.392156862745098,1.449867612564105,Dog 16,Animal
I267,Positive,0.7029702970297029,5.227722772277228,1.2319187320502265,Dog 17,Animal
I268,Positive,0.9705882352941176,6.196078431372549,0.8447767961845144,Dog 18,Animal
I269,Positive,0.9306930693069307,5.9405940594059405,0.9676960491623166,Dog 19,Animal
I270,Positive,0.9108910891089109,5.900990099009901,0.9434505868888895,Dog 20,Animal
I271,Positive,0.9117647058823529,5.990196078431373,0.9697922410885531,Dog 21,Animal
I272,Positive,0.7058823529411765,5.098039215686274,1.278224355658035,Dog 22,Animal
I273,Negative,0.8235294117647058,2.676470588235294,1.4083328020409813,Dog 23,Animal
I274,Negative,0.9313725490196079,1.892156862745098,1.0800335779992682,Dog 24,Animal
I275,Negative,0.5833333333333334,3.4537037037037037,1.5308922281440198,Dog 25,Animal
I276,Negative,0.9722222222222222,1.2962962962962963,0.6871213044935793,Dog 26,Animal
I277,Positive,0.7326732673267327,5.326732673267327,1.3123178798682056,Dog 27,Animal
I278,Positive,0.8425925925925926,5.592592592592593,1.1842978679135656,Dog 28,Animal
I279,Positive,0.8431372549019608,5.362745098039215,1.0320528009199064,Dog 29,Animal
I280,Positive,0.5462962962962963,4.583333333333333,1.5892453978474939,Dog 30,Animal
I281,Negative,0.9074074074074074,2.0833333333333335,1.1033085332880228,Dog 31,Animal
I282,Negative,0.7592592592592593,2.8518518518518516,1.4456820323275341,Dog attack 1,Animal
I283,Negative,0.594059405940594,3.4257425742574257,1.2437566856380338,Dog attack 2,Animal
I284,Negative,0.7941176470588235,2.6470588235294117,1.2792870757762338,Dog attack 3,Animal
I285,Positive,0.4803921568627451,4.5588235294117645,1.0299815379655095,Drink 1,Object
I286,Positive,0.4411764705882353,4.362745098039215,1.2411206664297791,Drink 2,Object
I287,Negative,0.9814814814814815,1.1574074074074074,0.5496309218239012,Dummy 1,Object
I288,Positive,0.8910891089108911,5.683168316831683,0.9688208613495781,Eating 1,Person
I289,Positive,0.7450980392156863,5.333333333333333,1.0179899952175544,Eating 2,Person
I290,Positive,0.6666666666666666,5.148148148148148,1.0484952708463653,Eating 3,Person
I291,Positive,0.9215686274509803,5.862745098039215,0.9753315322227668,Elephant 1,Animal
I292,Positive,0.8712871287128713,5.574257425742574,1.0425596832168922,Excited face 1,Person
I293,Positive,0.9019607843137255,5.823529411764706,1.0380080381409362,Excited face 2,Person
I294,Positive,0.8888888888888888,5.7592592592592595,0.9654824988164942,Excited face 3,Person
I295,Neutral,0.5346534653465347,4.247524752475248,0.9317289369130852,Excited face 4,Person
I296,Positive,0.8712871287128713,5.653465346534653,1.0624089943553419,Excited face 5,Person
I297,Positive,0.8796296296296297,5.731481481481482,1.0286229019520297,Excited face 6,Person
I298,Positive,0.6534653465346535,4.752475247524752,1.3740883566500328,Excited face 7,Person
I299,Positive,0.5784313725490197,4.705882352941177,1.165411033546208,Exercise 1,Person
I300,Positive,0.5370370370370371,4.685185185185185,1.0734532288576086,Exercise 2,Person
I301,Positive,0.6176470588235294,4.833333333333333,1.1864193015438964,Exercise 3,Person
I302,Negative,0.7745098039215687,2.6470588235294117,1.5710692507222395,Explosion 1,Scene
I303,Negative,0.8217821782178217,2.376237623762376,1.5801992605270694,Explosion 2,Scene
I304,Negative,0.7222222222222222,2.6481481481481484,1.6020711758886872,Explosion 3,Scene
I305,Negative,0.7222222222222222,2.5,1.3360564093525253,Explosion 4,Scene
I306,Negative,0.8725490196078431,1.8235294117647058,1.3005083903550214,Explosion 5,Scene
I307,Negative,0.8415841584158416,2.257425742574257,1.246222013499478,Explosion 6,Scene
I308,Positive,0.900990099009901,6.02970297029703,1.081253398094586,Father 1,Person
I309,Negative,0.8921568627450981,2.1372549019607843,1.0344483935586777,Feces 1,Object
I310,Negative,0.9019607843137255,2.0098039215686274,1.0292273179738658,Feces 2,Object
I311,Neutral,0.7029702970297029,3.732673267326733,0.7731893572587621,Fence 1,Object
I312,Neutral,0.7524752475247525,4.217821782178218,0.5586404997140756,Fence 2,Object
I313,Neutral,0.6666666666666666,3.8529411764705883,0.7884947286441376,Fence 3,Object
I314,Negative,0.7352941176470589,2.8823529411764706,1.1017009139971496,Fence 4,Object
I315,Neutral,0.5882352941176471,3.7745098039215685,1.0427198131875228,Fence 5,Object
I316,Neutral,0.45098039215686275,4.313725490196078,1.0242639681124783,Fence 6,Object
I317,Negative,0.7647058823529411,2.803921568627451,1.1943697595386804,Ferret 1,Animal
I318,Positive,0.4537037037037037,4.407407407407407,1.2154537404133505,Fire 1,Person
I319,Negative,0.8888888888888888,1.962962962962963,1.2524810959897557,Fire 2,Scene
I320,Negative,0.8981481481481481,2.0555555555555554,1.1176856372883313,Fire 3,Scene
I321,Positive,0.46078431372549017,4.323529411764706,1.3509202195986418,Fire 4,Scene
I322,Negative,0.9411764705882353,1.7352941176470589,0.9842972120996958,Fire 5,Scene
I323,Negative,0.8613861386138614,2.227722772277228,1.2718583892777677,Fire 6,Scene
I324,Negative,0.9603960396039604,1.7425742574257426,0.9017035582333548,Fire 7,Scene
I325,Positive,0.5445544554455446,4.198019801980198,1.6971729551238908,Fire 8,Scene
I326,Negative,0.9705882352941176,1.4705882352941178,0.7406965193124695,Fire 9,Scene
I327,Negative,0.8529411764705882,2.4705882352941178,1.1998835121096125,Fire 10,Scene
I328,Negative,0.9313725490196079,1.7549019607843137,1.111918104664757,Fire 11,Scene
I329,Neutral,0.7745098039215687,4.196078431372549,0.7180724429969266,Fire hydrant 1,Object
I330,Neutral,0.8055555555555556,4.222222222222222,0.7147750882559333,Fire hydrant 2,Object
I331,Neutral,0.7647058823529411,4.245098039215686,0.6665453199599212,Fire hydrant 3,Object
I332,Neutral,0.6296296296296297,4.435185185185185,0.9498956966661262,Fire hydrant 4,Object
I333,Negative,0.6568627450980392,3.0980392156862746,1.4658475325032658,Fireman 1,Person
I334,Positive,0.9629629629629629,6.157407407407407,0.88773614246363,Fireworks 1,Scene
I335,Positive,0.9313725490196079,6.2745098039215685,0.9027665152690646,Fireworks 2,Scene
I336,Positive,0.9215686274509803,6.088235294117647,0.9960609665271607,Fireworks 3,Scene
I337,Positive,0.9351851851851852,5.953703703703703,0.9108305674509266,Fireworks 4,Scene
I338,Positive,0.8431372549019608,5.803921568627451,1.1261009195078064,Fireworks 5,Scene
I339,Positive,0.9411764705882353,6.107843137254902,0.9840999581473945,Fireworks 6,Scene
I340,Positive,0.8712871287128713,5.752475247524752,1.1437302181376463,Fireworks 7,Scene
I341,Negative,0.9019607843137255,2.3627450980392157,1.0416021140937857,Flood 1,Scene
I342,Negative,0.8415841584158416,2.3564356435643563,1.1007648106279704,Flood 2,Scene
I343,Negative,0.8725490196078431,2.2941176470588234,1.156884132881604,Flood 3,Scene
I344,Positive,0.8910891089108911,5.762376237623762,1.0406585881208605,Flowers 1,Object
I345,Positive,0.9313725490196079,5.950980392156863,1.047178679944611,Flowers 2,Object
I346,Positive,0.8712871287128713,5.792079207920792,1.0983335712174904,Flowers 3,Object
I347,Positive,0.8613861386138614,5.702970297029703,1.0820772103269298,Flowers 4,Object
I348,Positive,0.8415841584158416,5.633663366336633,1.1200247522017335,Flowers 5,Object
I349,Positive,0.9351851851851852,5.944444444444445,0.9154268023876048,Flowers 6,Object
I350,Positive,0.8514851485148515,5.683168316831683,1.1129303039212017,Flowers 7,Object
I351,Positive,0.9215686274509803,5.911764705882353,0.965780258881368,Flowers 8,Object
I352,Positive,0.8811881188118812,5.891089108910891,1.1393067198872295,Flowers 9,Object
I353,Positive,0.6851851851851852,5.2592592592592595,1.1550002659737555,Flowers 10,Object
I354,Positive,0.6274509803921569,4.8431372549019605,1.0219869798168477,Food 1,Object
I355,Positive,0.7037037037037037,5.342592592592593,1.298180157111658,Food 2,Object
I356,Positive,0.7549019607843137,5.303921568627451,1.0320528009199066,Food 3,Object
I357,Positive,0.8888888888888888,5.611111111111111,0.9651239166318637,Food 4,Object
I358,Positive,0.803921568627451,5.470588235294118,1.0408096843650823,Food 5,Object
I359,Positive,0.8333333333333334,5.6568627450980395,0.9900004804400843,Food 6,Object
I360,Positive,0.5277777777777778,4.768518518518518,1.1966189243535927,Football player 1,Person
I361,Positive,0.8137254901960784,5.588235294117647,1.1718897421903236,Frisbee 1,Person
I362,Negative,0.8823529411764706,2.3529411764705883,1.0306881179607792,Frustrated pose 1,Person
I363,Negative,0.8431372549019608,2.6372549019607843,0.8650441033371115,Frustrated pose 2,Person
I364,Negative,0.9259259259259259,2.3518518518518516,0.8893430822994699,Frustrated pose 3,Person
I365,Negative,0.5490196078431373,3.4215686274509802,0.8836947023303978,Frustrated pose 4,Person
I366,Negative,0.8921568627450981,2.4607843137254903,0.9917637916184305,Frustrated pose 5,Person
I367,Positive,0.5643564356435643,4.683168316831683,1.0288896254633626,Frustrated pose 6,Person
I368,Negative,0.8333333333333334,2.696078431372549,1.0126840689428191,Frustrated pose 7,Person
I369,Neutral,0.5370370370370371,3.740740740740741,0.9508517614977486,Frustrated pose 8,Person
I370,Negative,0.7156862745098039,2.9215686274509802,1.1831010980110404,Funeral 1,Scene
I371,Positive,0.7647058823529411,5.598039215686274,1.1795267042215092,Galaxy 1,Scene
I372,Positive,0.8712871287128713,5.772277227722772,1.0284083636261607,Galaxy 2,Scene
I373,Positive,0.7058823529411765,5.450980392156863,1.2398295234170214,Galaxy 3,Scene
I374,Positive,0.7549019607843137,5.431372549019608,1.238889665146699,Galaxy 4,Scene
I375,Positive,0.8613861386138614,5.6138613861386135,0.9794926955286902,Galaxy 5,Scene
I376,Positive,0.7254901960784313,5.3431372549019605,1.2063782474929134,Galaxy 6,Scene
I377,Positive,0.9074074074074074,6.064814814814815,1.034662328303416,Galaxy 7,Scene
I378,Positive,0.7647058823529411,5.519607843137255,1.1581001184242714,Galaxy 8,Scene
I379,Negative,0.8823529411764706,2.196078431372549,0.9753315322227669,Garbage dump 1,Scene
I380,Negative,0.9629629629629629,1.6018518518518519,0.7846639237113611,Garbage dump 2,Scene
I381,Negative,0.9313725490196079,2.0,1.024453488692898,Garbage dump 3,Scene
I382,Negative,0.9629629629629629,1.6388888888888888,0.8141084606302663,Garbage dump 4,Scene
I383,Negative,0.9215686274509803,2.1372549019607843,1.0053245935229425,Garbage dump 5,Scene
I384,Negative,0.9166666666666666,1.962962962962963,0.9464732957405705,Garbage dump 6,Scene
I385,Negative,0.696078431372549,2.735294117647059,1.1767253655401713,Garbage dump 7,Scene
I386,Negative,0.8627450980392157,2.0588235294117645,1.1242029467936379,Garbage dump 8,Scene
I387,Negative,0.39215686274509803,3.9019607843137254,1.368020930312704,Gargoyle 1,Object
I388,Negative,0.5740740740740741,3.2685185185185186,1.2425966291727293,Gargoyle 2,Object
I389,Positive,0.5686274509803921,4.862745098039215,1.0903647830539318,Gazing 1,Person
I390,Positive,0.6862745098039216,5.107843137254902,1.0138336491849949,Gazing 2,Person
I391,Positive,0.7314814814814815,5.425925925925926,1.1697407948652692,Gazing 3,Person
I392,Neutral,0.4803921568627451,4.490196078431373,1.01225263976793,Gazing 4,Person
I393,Positive,0.8148148148148148,5.444444444444445,1.026138149353016,Gazing 5,Person
I394,Positive,0.8529411764705882,5.8431372549019605,1.0506490030020594,Gazing 6,Person
I395,Positive,0.6470588235294118,4.980392156862745,1.071506685636454,Gazing 7,Person
I396,Positive,0.7407407407407407,5.333333333333333,1.222835681031486,Goat 1,Animal
I397,Positive,0.7407407407407407,5.203703703703703,1.2286247859534054,Goat 2,Animal
I398,Negative,0.4166666666666667,3.9074074074074074,1.3502304201906314,Gorrila 1,Animal
I399,Positive,0.5277777777777778,4.962962962962963,1.0931043500557323,Grass 1,Scene
I400,Positive,0.5980392156862745,4.9411764705882355,1.0227465391783446,Grass 2,Scene
I401,Positive,0.5882352941176471,5.009803921568627,1.0388026050514587,Grass 3,Scene
I402,Positive,0.6274509803921569,5.2254901960784315,1.1596078437937887,Grass 4,Scene
I403,Positive,0.6274509803921569,4.9411764705882355,0.9525736832472029,Grass 5,Scene
I404,Positive,0.6534653465346535,5.158415841584159,1.074548028403819,Grass 6,Scene
I405,Positive,0.6078431372549019,4.892156862745098,0.910954919982084,Grass 7,Scene
I406,Negative,0.6296296296296297,3.2037037037037037,1.2512368404959118,Graveyard 1,Scene
I407,Negative,0.5445544554455446,3.277227722772277,1.1412169984817797,Graveyard 2,Scene
I408,Negative,0.4803921568627451,3.5784313725490198,1.2302802909311124,Graveyard 3,Scene
I409,Negative,0.6018518518518519,3.212962962962963,1.2828919282426003,Graveyard 4,Scene
I410,Positive,0.8518518518518519,5.527777777777778,0.9711572568052421,Guitar 1,Person
I411,Negative,0.693069306930693,2.732673267326733,1.4757444840412646,Gun 1,Object
I412,Negative,0.7549019607843137,2.7450980392156863,1.114141986701323,Gun 2,Person
I413,Negative,0.7058823529411765,2.9705882352941178,1.5508278361204264,Gun 3,Object
I414,Negative,0.7352941176470589,2.8627450980392157,1.455880637082305,Gun 4,Object
I415,Negative,0.6470588235294118,2.9215686274509802,1.5394886286744371,Gun 5,Object
I416,Negative,0.6534653465346535,2.8415841584158414,1.514811362957954,Gun 6,Object
I417,Negative,0.6633663366336634,2.881188118811881,1.5638870081490623,Gun 7,Object
I418,Negative,0.5841584158415841,3.0792079207920793,1.453844340476873,Gun 8,Object
I419,Negative,0.6862745098039216,2.8823529411764706,1.4370908295640212,Gun 9,Object
I420,Negative,0.7128712871287128,2.6435643564356437,1.5072103928505907,Gun 10,Object
I421,Negative,0.7592592592592593,2.611111111111111,1.1260163287384732,Hallway 1,Scene
I422,Positive,0.7037037037037037,5.055555555555555,1.198389365628338,Hang gliding 1,Person
I423,Positive,0.7254901960784313,5.176470588235294,1.1027577016876073,Hang gliding 2,Person
I424,Positive,0.6274509803921569,4.931372549019608,1.0648274524059749,Hang gliding 3,Person
I425,Negative,0.8811881188118812,2.4158415841584158,0.9302400414159054,Hangover 1,Person
I426,Positive,0.8148148148148148,5.472222222222222,0.9902169434096633,Happy face 1,Person
I427,Positive,0.7037037037037037,5.194444444444445,1.0542156878508797,Happy face 2,Person
I428,Positive,0.6296296296296297,4.888888888888889,1.2776536126407976,Happy pose 1,Person
I429,Positive,0.8725490196078431,5.607843137254902,0.9456190046118624,Happy pose 2,Person
I430,Positive,0.8910891089108911,5.742574257425742,0.9864427540058739,Happy pose 3,Scene
I431,Positive,0.5,4.666666666666667,1.0179899952175542,Heart 1,Object
I432,Positive,0.6018518518518519,4.925925925925926,1.1576943223469922,Heart 2,Object
I433,Positive,0.5196078431372549,4.745098039215686,1.0116771146727364,Heart 3,Object
I434,Positive,0.9074074074074074,5.935185185185185,1.0525727106382432,Horse 1,Animal
I435,Positive,0.4411764705882353,4.215686274509804,1.539110267477061,Horse racing 1,Animal
I436,Positive,0.5490196078431373,4.705882352941177,0.8853956467978971,House 1,Scene
I437,Negative,0.9019607843137255,1.9705882352941178,0.9995630961708009,Injury 1,Person
I438,Negative,0.9907407407407407,2.0925925925925926,0.7677742687763668,Injury 2,Person
I439,Negative,0.9607843137254902,1.9705882352941178,0.9276381416481425,Injury 3,Person
I440,Negative,0.9509803921568627,1.392156862745098,0.9350900072640652,Injury 4,Person
I441,Negative,0.7745098039215687,2.8137254901960786,1.1408733163231894,Intensity 1,Person
I442,Negative,0.9215686274509803,2.2254901960784315,0.9739870365809208,Jail 1,Scene
I443,Negative,0.8811881188118812,2.01980198019802,1.1914713426667212,Jail 2,Scene
I444,Negative,0.8235294117647058,2.519607843137255,1.1918069495880577,Jail 3,Scene
I445,Negative,0.8611111111111112,2.111111111111111,1.0441947515323593,Jail 4,Scene
I446,Negative,0.6372549019607843,3.0686274509803924,1.3516385649751532,Jail 5,Scene
I447,Neutral,0.7549019607843137,4.166666666666667,0.7588857560654806,Keyboard 1,Object
I448,Neutral,0.8316831683168316,4.108910891089109,0.614833149708275,Keyboard 2,Object
I449,Neutral,0.7156862745098039,4.333333333333333,0.7221164346658518,Keyboard 3,Object
I450,Neutral,0.801980198019802,4.02970297029703,0.6550640509836341,Keys 1,Object
I451,Negative,0.9705882352941176,1.3431372549019607,0.8954792736235828,KKK rally 1,Person
I452,Negative,0.9803921568627451,1.2549019607843137,0.7131893852295041,KKK rally 2,Person
I453,Negative,0.5980392156862745,3.2450980392156863,1.2140781003944943,Knife 1,Object
I454,Negative,0.5294117647058824,3.343137254901961,1.0482904332577478,Knife 2,Object
I455,Positive,0.9411764705882353,6.254901960784314,0.8975905537461584,Lake 1,Scene
I456,Positive,0.9607843137254902,6.392156862745098,0.869241876865692,Lake 2,Scene
I457,Positive,0.9351851851851852,5.962962962962963,0.9265141779702692,Lake 3,Scene
I458,Positive,0.8518518518518519,5.787037037037037,1.0941725497876904,Lake 4,Scene
I459,Positive,0.8910891089108911,5.9504950495049505,1.0618496845011762,Lake 5,Scene
I460,Neutral,0.46078431372549017,4.480392156862745,0.8528390810438379,Lake 6,Scene
I461,Positive,0.9074074074074074,6.092592592592593,1.0279917545492538,Lake 7,Scene
I462,Positive,0.9411764705882353,6.205882352941177,0.9156314197935875,Lake 8,Scene
I463,Positive,0.9705882352941176,6.411764705882353,0.8247764914934286,Lake 9,Scene
I464,Positive,0.9117647058823529,6.147058823529412,1.0088426740874854,Lake 10,Scene
I465,Positive,0.8333333333333334,5.715686274509804,1.047178679944611,Lake 11,Scene
I466,Positive,0.9702970297029703,6.376237623762377,0.8700745387438349,Lake 12,Scene
I467,Positive,0.9351851851851852,6.166666666666667,0.9811303799342402,Lake 13,Scene
I468,Positive,0.9313725490196079,6.313725490196078,0.9437694818065274,Lake 14,Scene
I469,Positive,0.9504950495049505,6.247524752475248,0.9209336631273656,Lake 15,Scene
I470,Positive,0.9504950495049505,6.108910891089109,0.9262935830395231,Lake 16,Scene
I471,Positive,0.8627450980392157,5.588235294117647,1.008409601445041,Lake 17,Scene
I472,Positive,0.9117647058823529,5.754901960784314,0.9589213671166937,Lamb 1,Animal
I473,Positive,0.37037037037037035,4.055555555555555,1.5875292819925562,Lava 1,Scene
I474,Positive,0.5980392156862745,4.852941176470588,1.1722624213990418,Lightning 1,Scene
I475,Positive,0.40594059405940597,4.257425742574258,1.3831374866334483,Lightning 2,Scene
I476,Positive,0.5196078431372549,4.588235294117647,1.2847386078978011,Lightning 3,Scene
I477,Positive,0.5490196078431373,4.46078431372549,1.3619407281810163,Lightning 4,Scene
I478,Positive,0.47058823529411764,4.411764705882353,1.3076540946355957,Lightning 5,Scene
I479,Positive,0.47058823529411764,4.490196078431373,1.4470529836223038,Lightning 6,Scene
I480,Positive,0.44554455445544555,4.435643564356436,1.1951220990690317,Lightning 7,Scene
I481,Positive,0.6633663366336634,5.01980198019802,1.240807785434972,Lion 1,Animal
I482,Negative,0.5392156862745098,3.656862745098039,1.4791963167040425,Lion 2,Animal
I483,Positive,0.6759259259259259,4.944444444444445,1.2443016532824227,Lion 3,Animal
I484,Positive,0.6176470588235294,4.627450980392157,1.4753524071543245,Lion 4,Animal
I485,Negative,0.4411764705882353,3.7254901960784315,1.387046600579865,Lion 5,Animal
I486,Positive,0.8921568627450981,5.705882352941177,1.0396899318253319,Massage 1,Person
I487,Positive,0.8725490196078431,5.754901960784314,1.102977738344363,Massage 2,Person
I488,Positive,0.6111111111111112,4.953703703703703,1.1791352705073235,Meerkat 1,Animal
I489,Positive,0.5196078431372549,4.666666666666667,1.4646550861729,Memorial 1,Scene
I490,Negative,0.6831683168316832,2.9603960396039604,1.3558819423475477,Memorial 2,Scene
I491,Negative,0.6574074074074074,3.0555555555555554,1.452251447894879,Memorial 3,Scene
I492,Negative,0.5445544554455446,3.5247524752475248,1.0825346128964246,Miserable face 1,Person
I493,Negative,0.8529411764705882,2.588235294117647,1.1548686537675457,Miserable face 2,Person
I494,Negative,0.9019607843137255,2.5588235294117645,0.9705926474900153,Miserable pose 1,Person
I495,Negative,0.7870370370370371,2.7962962962962963,0.9146702511820144,Miserable pose 2,Person
I496,Negative,0.9901960784313726,1.107843137254902,0.419968474656029,Miserable pose 3,Person
I497,Negative,0.8611111111111112,2.5833333333333335,0.9775517769589057,Miserable pose 4,Person
I498,Negative,0.7941176470588235,2.950980392156863,0.9479258334650131,Miserable pose 5,Person
I499,Positive,0.6336633663366337,4.96039603960396,1.14822290587854,Money 1,Object
I500,Positive,0.6435643564356436,4.871287128712871,1.1372191199292567,Monkey 1,Animal
I501,Neutral,0.37254901960784315,4.029411764705882,1.3159785904615966,Monkey 2,Animal
I502,Negative,0.5092592592592593,3.6203703703703702,1.2283077987457682,Monkey 3,Animal
I503,Negative,0.6944444444444444,2.861111111111111,1.097646874197771,Monkey 4,Animal
I504,Positive,0.6764705882352942,5.2745098039215685,1.1786622955001251,Moon 1,Scene
I505,Positive,0.9019607843137255,6.107843137254902,1.1596078437937887,Mother 1,Person
I506,Positive,0.8981481481481481,5.925925925925926,1.0203875359066839,Mother 2,Person
I507,Positive,0.6831683168316832,5.089108910891089,1.5106224538314668,Mother 3,Person
I508,Positive,0.9019607843137255,6.049019607843137,1.1636188939273868,Mother 4,Person
I509,Positive,0.9074074074074074,5.935185185185185,1.0164364003911668,Mother 5,Person
I510,Positive,0.9117647058823529,6.078431372549019,1.157722880278726,Mother 6,Person
I511,Positive,0.8910891089108911,6.03960396039604,1.1993397523571703,Mother 7,Person
I512,Positive,0.8725490196078431,5.931372549019608,1.244869104587231,Mother 8,Person
I513,Positive,0.8888888888888888,5.981481481481482,1.1105398323698377,Mother 9,Person
I514,Positive,0.5833333333333334,4.777777777777778,1.016989632578713,Motocross 1,Person
I515,Positive,0.8333333333333334,5.407407407407407,0.9475698089050515,Musician 1,Person
I516,Positive,0.9108910891089109,6.118811881188119,0.9724929687444663,Nature 1,Scene
I517,Positive,0.8529411764705882,5.666666666666667,1.0467614680322808,Nature 2,Scene
I518,Negative,0.8725490196078431,2.0392156862745097,1.4753524071543243,Neonazi 1,Person
I519,Neutral,0.7843137254901961,3.9607843137254903,0.7164484549933762,Neutral face 1,Person
I520,Neutral,0.5277777777777778,4.675925925925926,0.905112206641411,Neutral face 2,Person
I521,Neutral,0.48514851485148514,4.5049504950495045,0.9861415960828103,Neutral face 3,Person
I522,Neutral,0.6831683168316832,3.891089108910891,0.8706433265006963,Neutral face 4,Person
I523,Positive,0.6078431372549019,4.980392156862745,1.0528640068724826,Neutral face 5,Person
I524,Positive,0.6764705882352942,5.0588235294117645,1.0227465391783446,Neutral pose 1,Person
I525,Positive,0.7843137254901961,5.254901960784314,1.1229934758175537,Neutral pose 2,Scene
I526,Neutral,0.7722772277227723,3.8118811881188117,0.5605866799546474,Neutral pose 3,Person
I527,Positive,0.8137254901960784,5.421568627450981,1.2058953742590954,Nude couple 1,Person
I528,Positive,0.8333333333333334,5.4411764705882355,1.0769734767114254,Nude couple 2,Person
I529,Positive,0.8627450980392157,5.450980392156863,1.0956931978296396,Nude couple 3,Person
I530,Positive,0.8137254901960784,5.362745098039215,1.0604427964207608,Nude couple 4,Person
I531,Positive,0.8333333333333334,5.685185185185185,1.3509992712087255,Nude couple 5,Person
I532,Positive,0.7524752475247525,5.297029702970297,1.5719068321974146,Nude couple 6,Person
I533,Positive,0.8811881188118812,5.693069306930693,1.0652940838794305,Nude couple 7,Person
I534,Positive,0.7870370370370371,5.277777777777778,1.266633873981156,Nude couple 8,Person
I535,Positive,0.7254901960784313,5.166666666666667,1.3206908883013635,Nude couple 9,Person
I536,Positive,0.8529411764705882,5.5,1.0600765897979372,Nude couple 10,Person
I537,Positive,0.6176470588235294,4.647058823529412,1.8165741820475625,Nude couple 11,Person
I538,Positive,0.7156862745098039,5.068627450980392,1.29170854636173,Nude couple 12,Person
I539,Positive,0.9215686274509803,5.794117647058823,1.0373064442533162,Nude couple 13,Person
I540,Positive,0.6732673267326733,4.841584158415841,2.0333847312662043,Nude couple 14,Person
I541,Neutral,0.5882352941176471,4.382352941176471,0.8564735162865077,Nude man 1,Person
I542,Neutral,0.46078431372549017,4.4411764705882355,1.0490309475634336,Nude man 2,Person
I543,Positive,0.49019607843137253,4.588235294117647,1.3523206396433347,Nude man 4,Person
I544,Positive,0.594059405940594,4.712871287128713,1.4514588086705482,Nude man 5,Person
I545,Neutral,0.4411764705882353,4.0,1.194044628251987,Nude man 6,Person
I546,Neutral,0.43564356435643564,4.514851485148514,1.1542431406435874,Nude man 7,Person
I547,Negative,0.6039603960396039,3.1683168316831685,1.6557131812647568,Nude man 8,Person
I548,Negative,0.5092592592592593,3.3981481481481484,1.004102005605053,Nude man 9,Person
I549,Negative,0.504950495049505,3.5445544554455446,1.5781302384483198,Nude man 10,Person
I550,Negative,0.5392156862745098,3.176470588235294,1.8043498854233824,Nude man 11,Person
I551,Positive,0.5148514851485149,4.663366336633663,1.0609168461549876,Nude man 12,Person
I552,Neutral,0.4752475247524752,4.297029702970297,1.1536425309032738,Nude man 13,Person
I553,Neutral,0.4444444444444444,4.342592592592593,1.4152839749196073,Nude man 14,Person
I554,Negative,0.38613861386138615,3.8613861386138613,1.5364224872755348,Nude man 15,Person
I555,Positive,0.5185185185185185,4.425925925925926,1.4737814780112555,Nude man 16,Person
I556,Negative,0.4158415841584158,3.722772277227723,1.4360975724593934,Nude man 17,Person
I557,Neutral,0.4444444444444444,3.537037037037037,1.328521952417306,Nude man 18,Person
I558,Positive,0.5185185185185185,4.768518518518518,1.1808952843292482,Nude man 19,Person
I559,Negative,0.4444444444444444,3.4814814814814814,1.836705102940556,Nude man 20,Person
I560,Neutral,0.5294117647058824,4.303921568627451,1.1150564136709864,Nude man 3,Person
I561,Negative,0.4019607843137255,3.549019607843137,1.8164673090260228,Nude man 21,Person
I562,Positive,0.5588235294117647,4.803921568627451,1.0627743972876786,Nude man 22,Person
I563,Neutral,0.4019607843137255,3.980392156862745,1.489104935206612,Nude man 23,Person
I564,Positive,0.5841584158415841,5.0,1.2409673645990857,Nude woman 1,Person
I565,Positive,0.5346534653465347,4.623762376237623,1.6724322715644713,Nude woman 2,Person
I566,Positive,0.5588235294117647,4.617647058823529,1.740855130983182,Nude woman 3,Person
I567,Negative,0.45544554455445546,3.871287128712871,1.4259268307780288,Nude woman 4,Person
I568,Positive,0.7058823529411765,5.352941176470588,1.3022984922214134,Nude woman 5,Person
I569,Positive,0.5686274509803921,4.803921568627451,1.2351230803003337,Nude woman 6,Person
I570,Positive,0.6435643564356436,5.178217821782178,1.3296318257620068,Nude woman 7,Person
I571,Positive,0.7549019607843137,5.372549019607843,1.4136643532019475,Nude woman 8,Person
I572,Positive,0.6078431372549019,5.205882352941177,1.69646245384602,Nude woman 9,Person
I573,Positive,0.6296296296296297,5.046296296296297,1.6932204523254113,Nude woman 10,Person
I574,Positive,0.6666666666666666,5.185185185185185,1.5597037110683958,Nude woman 11,Person
I575,Positive,0.6732673267326733,5.207920792079208,1.3514202283758248,Nude woman 12,Person
I576,Positive,0.6666666666666666,5.296296296296297,1.5422962566134057,Nude woman 13,Person
I577,Positive,0.6862745098039216,5.088235294117647,1.3578006472063096,Nude woman 14,Person
I578,Positive,0.7156862745098039,5.284313725490196,1.4649532887520977,Nude woman 15,Person
I579,Positive,0.5370370370370371,4.694444444444445,1.6881020329115917,Nude woman 16,Person
I580,Positive,0.6203703703703703,5.12962962962963,1.6971256216210038,Nude woman 17,Person
I581,Positive,0.5833333333333334,4.9907407407407405,1.7157618420140939,Nude woman 18,Person
I582,Positive,0.6274509803921569,4.911764705882353,1.5926995650418714,Nude woman 19,Person
I583,Positive,0.5784313725490197,4.892156862745098,1.9846283675612102,Nude woman 20,Person
I584,Positive,0.5686274509803921,4.764705882352941,1.422426253726986,Nude woman 21,Person
I585,Positive,0.5092592592592593,4.75,1.8702041469855288,Nude woman 22,Person
I586,Neutral,0.8981481481481481,4.037037037037037,0.43073347410927054,Office supplies 1,Object
I587,Neutral,0.8217821782178217,4.089108910891089,0.5118400121325041,Office supplies 2,Object
I588,Neutral,0.7029702970297029,4.237623762376238,0.763524915788413,Office supplies 3,Object
I589,Neutral,0.7722772277227723,4.2772277227722775,0.7364619729651779,Office supplies 4,Object
I590,Neutral,0.7870370370370371,4.055555555555555,0.6388268063203988,Office supplies 5,Object
I591,Negative,0.6372549019607843,3.284313725490196,1.2771987523784512,Opossum 1,Animal
I592,Positive,0.6862745098039216,4.9411764705882355,1.2008538992573898,Orangutan 1,Animal
I593,Positive,0.7352941176470589,5.245098039215686,1.084875997931195,Ornament 1,Object
I594,Neutral,0.6388888888888888,4.064814814814815,0.8783283628857138,Paintbrush 1,Object
I595,Neutral,0.8613861386138614,4.158415841584159,0.48441043067478906,Paper 1,Object
I596,Neutral,0.8712871287128713,4.089108910891089,0.5118400121325041,Paper 2,Object
I597,Neutral,0.7941176470588235,4.235294117647059,0.7335856680990318,Paper 3,Object
I598,Neutral,0.8910891089108911,4.089108910891089,0.4919148280137548,Paper 4,Object
I599,Neutral,0.7058823529411765,4.362745098039215,0.9522169617804891,Paper 5,Object
I600,Neutral,0.9019607843137255,3.9901960784313726,0.4558768732331412,Paperclips 1,Object
I601,Neutral,0.5784313725490197,4.578431372549019,0.8836947023303978,Paperclips 2,Object
I602,Neutral,0.9117647058823529,4.049019607843137,0.4746536200406213,Paperclips 3,Object
I603,Neutral,0.8118811881188119,4.069306930693069,0.4951247467573047,Paperclips 4,Object
I604,Positive,0.7450980392156863,5.127450980392157,1.0309235370081744,Parachuting 1,Scene
I605,Positive,0.8235294117647058,5.431372549019608,1.0484293195303458,Parachuting 2,Person
I606,Positive,0.7920792079207921,5.3861386138613865,1.2080587488173162,Parachuting 3,Person
I607,Positive,0.6078431372549019,4.803921568627451,1.152175863967991,Parachuting 4,Person
I608,Positive,0.8888888888888888,5.648148148148148,0.9982677970712246,Parade 1,Person
I609,Positive,0.8431372549019608,5.6568627450980395,1.0195621079000814,Parasailing 1,Scene
I610,Positive,0.7326732673267327,5.128712871287129,1.197191432784529,Parasailing 2,Person
I611,Positive,0.7524752475247525,5.138613861386139,1.149171031398695,Parasailing 3,Scene
I612,Positive,0.6944444444444444,5.305555555555555,1.2564475461144693,Parasailing 4,Scene
I613,Positive,0.46078431372549017,4.519607843137255,0.9198621523596983,Party 1,Person
I614,Positive,0.5294117647058824,4.813725490196078,1.0121087891753509,Path 1,Scene
I615,Positive,0.8712871287128713,5.663366336633663,0.9927459667283698,Penguins 1,Animal
I616,Positive,0.9801980198019802,6.207920792079208,0.8754065533587045,Penguins 2,Animal
I617,Positive,0.8217821782178217,5.574257425742574,1.0894634886352579,Performance 1,Scene
I618,Positive,0.46296296296296297,4.703703703703703,1.2248155249940818,Performance 2,Scene
I619,Neutral,0.5882352941176471,4.509803921568627,0.8294707609981233,Phone 1,Object
I620,Positive,0.900990099009901,6.0594059405940595,1.0753769774197124,Picnic 1,Person
I621,Positive,0.8796296296296297,5.907407407407407,1.054913178312032,Picnic 2,Person
I622,Positive,0.4722222222222222,4.546296296296297,1.187034782531424,Picnic 3,Person
I623,Positive,0.693069306930693,5.02970297029703,1.053142398202204,Picnic 4,Person
I624,Positive,0.5098039215686274,4.53921568627451,1.0778744083368639,Pig 1,Animal
I625,Positive,0.5462962962962963,4.694444444444445,1.2858564427171715,Pig 2,Animal
I626,Neutral,0.49019607843137253,4.5588235294117645,1.0105731087624272,Pigeon 1,Animal
I627,Neutral,0.5098039215686274,4.53921568627451,0.9299373834711921,Pigeon 2,Animal
I628,Neutral,0.4803921568627451,4.627450980392157,1.061677811203102,Pigeon 3,Animal
I629,Positive,0.7128712871287128,5.118811881188119,0.9724929687444666,Pigeon 4,Animal
I630,Positive,0.4351851851851852,4.527777777777778,1.2489871285774024,Pigeon 5,Animal
I631,Negative,0.8518518518518519,2.324074074074074,1.1007958353379004,Pigeon 6,Animal
I632,Neutral,0.5196078431372549,4.637254901960785,0.8764150163685736,Pinecone 1,Object
I633,Neutral,0.6176470588235294,4.421568627450981,0.9691915024962655,Pinecone 2,Object
I634,Positive,0.6666666666666666,5.203703703703703,1.0744201588499553,Pinecone 3,Object
I635,Neutral,0.5490196078431373,4.549019607843137,0.9505334716883171,Pinecone 4,Object
I636,Negative,0.7352941176470589,2.5980392156862746,1.3220131956739358,Plane crash 1,Object
I637,Negative,0.696078431372549,2.8137254901960786,1.1918069495880577,Plane crash 2,Scene
I638,Negative,0.8823529411764706,2.235294117647059,1.0452766992451603,Plane crash 3,Scene
I639,Negative,0.9207920792079208,2.0495049504950495,1.0428445485666824,Plane crash 4,Object
I640,Negative,0.8235294117647058,2.588235294117647,1.1288559105841647,Police 1,Person
I641,Negative,0.8425925925925926,2.388888888888889,1.259233807492264,Police 2,Person
I642,Neutral,0.5,4.287037037037037,1.2155605293380485,Police 3,Person
I643,Negative,0.5392156862745098,3.284313725490196,1.3078396590825467,Police 4,Person
I644,Negative,0.8725490196078431,2.4313725490196076,1.238889665146699,Police 5,Person
I645,Negative,0.7821782178217822,2.4752475247524752,1.3311202756020253,Pollution 1,Scene
I646,Neutral,0.47058823529411764,3.9705882352941178,1.1120926875053156,Power lines 1,Scene
I647,Positive,0.803921568627451,5.509803921568627,1.1322902230839051,Present 1,Object
I648,Positive,0.803921568627451,5.490196078431373,1.0693302987876387,Present 2,Object
I649,Neutral,0.5392156862745098,4.029411764705882,1.2304380798622385,Prison 1,Scene
I650,Negative,0.7777777777777778,2.6203703703703702,1.1817743082963827,Prison 2,Object
I651,Positive,0.5196078431372549,4.852941176470588,1.0661029135351368,Pumpkin 1,Object
I652,Negative,0.5346534653465347,3.603960396039604,1.2967590980655743,Raccoon 1,Animal
I653,Positive,0.5462962962962963,4.583333333333333,1.3950848297659144,Rafting 1,Person
I654,Positive,0.6078431372549019,4.823529411764706,1.1891569915749272,Rafting 2,Person
I655,Positive,0.696078431372549,5.098039215686274,1.1214365250137976,Rafting 3,Person
I656,Positive,0.8611111111111112,5.583333333333333,1.0150733134979468,Rafting 4,Person
I657,Positive,0.7843137254901961,5.186274509803922,0.9305634634681488,Rafting 5,Person
I658,Positive,0.6481481481481481,4.9907407407407405,1.0808042209078186,Rafting 6,Person
I659,Neutral,0.5196078431372549,4.264705882352941,1.1162744843986674,Railroad 1,Scene
I660,Positive,0.9351851851851852,6.231481481481482,0.9916141988092081,Rainbow 1,Scene
I661,Positive,0.9504950495049505,6.257425742574258,0.9555466011297894,Rainbow 2,Scene
I662,Neutral,0.40594059405940597,4.485148514851486,1.375600678875513,Research 1,Scene
I663,Positive,0.6470588235294118,5.0588235294117645,1.1674083118470582,Road 1,Scene
I664,Positive,0.49019607843137253,4.53921568627451,1.0593437967683128,Rock climbing 1,Person
I665,Positive,0.5686274509803921,4.676470588235294,1.026015697734528,Rock climbing 2,Person
I666,Positive,0.5392156862745098,4.549019607843137,1.1742067132972456,Rock climbing 3,Person
I667,Positive,0.4444444444444444,4.2407407407407405,1.324608003170371,Rock climbing 4,Person
I668,Neutral,0.5294117647058824,4.676470588235294,0.9560828157704394,Rocks 1,Object
I669,Neutral,0.693069306930693,4.306930693069307,0.7313354122073639,Rocks 2,Object
I670,Neutral,0.7843137254901961,4.313725490196078,0.6745793284951189,Rocks 3,Object
I671,Neutral,0.6176470588235294,4.519607843137255,0.9516051281586687,Rocks 4,Object
I672,Neutral,0.6862745098039216,4.480392156862745,0.8411495217603575,Rocks 5,Object
I673,Neutral,0.8333333333333334,4.205882352941177,0.6942227692526832,Rocks 6,Object
I674,Neutral,0.7450980392156863,4.313725490196078,0.7033215700012089,Rocks 7,Object
I675,Positive,0.8316831683168316,5.445544554455446,1.2039538822127074,Rollercoaster 1,Scene
I676,Positive,0.803921568627451,5.372549019607843,1.2180293175311365,Rollercoaster 2,Scene
I677,Positive,0.7524752475247525,5.108910891089109,1.1216148189018358,Rollercoaster 3,Scene
I678,Neutral,0.8514851485148515,4.01980198019802,0.42379707454870386,Roofing 1,Object
I679,Neutral,0.9108910891089109,4.0594059405940595,0.34122667475500273,Roofing 2,Object
I680,Neutral,0.75,3.925925925925926,0.6369275506226162,Roofing 3,Object
I681,Neutral,0.5098039215686274,3.5686274509803924,0.9493072400812426,Roofing 4,Object
I682,Neutral,0.8811881188118812,4.0495049504950495,0.3840895110195637,Roofing 5,Object
I683,Positive,0.4117647058823529,4.323529411764706,1.1702734275228108,Rooster 1,Animal
I684,Positive,0.8235294117647058,5.411764705882353,1.0469469160748435,Rubber duck 1,Object
I685,Neutral,0.49074074074074076,4.222222222222222,1.0531069593886333,Rugby 1,Person
I686,Positive,0.7745098039215687,5.352941176470588,1.0497247052925698,Rugby 2,Person
I687,Positive,0.46078431372549017,4.578431372549019,1.2140781003944943,Running away 1,Person
I688,Negative,0.8823529411764706,2.6862745098039214,1.0338852240802843,Sad face 1,Person
I689,Negative,0.7821782178217822,3.0495049504950495,1.052390019182645,Sad face 2,Person
I690,Negative,0.693069306930693,3.1386138613861387,0.7877779251831957,Sad face 3,Person
I691,Neutral,0.49019607843137253,3.4705882352941178,0.9195983018100373,Sad face 4,Person
I692,Neutral,0.4411764705882353,4.333333333333333,1.1717240689383202,Sad face 5,Person
I693,Negative,0.5346534653465347,3.6435643564356437,1.261619264404611,Sad face 6,Person
I694,Negative,0.6831683168316832,3.1386138613861387,1.0865514527190787,Sad face 7,Person
I695,Negative,0.8518518518518519,2.6296296296296298,1.156797000685999,Sad face 8,Person
I696,Negative,0.9537037037037037,2.314814814814815,0.9032459445876212,Sad face 9,Person
I697,Negative,0.8333333333333334,2.8823529411764706,1.017608511226187,Sad pose 1,Person
I698,Neutral,0.49019607843137253,3.5980392156862746,0.9876445017379685,Sad pose 2,Person
I699,Negative,0.7962962962962963,2.8703703703703702,0.9867589976725382,Sad pose 3,Person
I700,Negative,0.7407407407407407,2.8425925925925926,0.9779058020594963,Sad pose 4,Person
I701,Negative,0.7156862745098039,3.1176470588235294,0.9470550251879973,Sad pose 5,Person
I702,Negative,0.6336633663366337,3.3168316831683167,1.009264019662912,Sad pose 6,Person
I703,Negative,0.7314814814814815,2.740740740740741,1.2779245028405215,Sad pose 7,Person
I704,Positive,0.5544554455445545,4.594059405940594,1.218016566568634,Sailing 1,Scene
I705,Positive,0.803921568627451,5.303921568627451,1.0224143013908815,Sailing 2,Scene
I706,Positive,0.7941176470588235,5.450980392156863,1.0495397480705733,Sailing 3,Scene
I707,Positive,0.5980392156862745,5.068627450980392,1.2126381021408388,Satellite 1,Object
I708,Positive,0.5588235294117647,4.607843137254902,1.401250239099426,Scared cat 1,Animal
I709,Neutral,0.5742574257425742,3.891089108910891,0.7470072302061059,Scared face 1,Person
I710,Neutral,0.5,3.7745098039215685,1.0138336491849949,Scared face 2,Person
I711,Negative,0.6944444444444444,3.0462962962962963,1.2925686898304785,Scared face 3,Person
I712,Negative,0.7623762376237624,2.9702970297029703,0.9105541778999693,Scared face 4,Person
I713,Negative,0.7029702970297029,3.0297029702970297,1.0045441308828045,Scared face 5,Person
I714,Negative,0.9259259259259259,1.7777777777777777,0.9890364737548588,Scary face 1,Person
I715,Negative,0.7029702970297029,3.0396039603960396,1.1128413371115213,Scary face 2,Person
I716,Positive,0.7549019607843137,5.147058823529412,1.1292427921550998,School 1,Person
I717,Positive,0.8921568627450981,5.833333333333333,1.0631853254741763,School 2,Person
I718,Positive,0.693069306930693,5.089108910891089,1.0963485750525706,School 3,Person
I719,Positive,0.5277777777777778,4.564814814814815,1.1622822227780767,School 4,Person
I720,Neutral,0.4803921568627451,4.53921568627451,1.0404832143554574,School 5,Person
I721,Positive,0.8137254901960784,5.607843137254902,1.1531863970059502,School 6,Person
I722,Positive,0.8333333333333334,5.647058823529412,1.095870365459196,School 7,Person
I723,Positive,0.7722772277227723,5.287128712871287,0.983225647177354,School 8,Person
I724,Positive,0.5196078431372549,4.637254901960785,1.1326759316171777,Seal 1,Animal
I725,Negative,0.9603960396039604,1.6732673267326732,0.906740435748722,Severed finger 1,Person
I726,Negative,0.4537037037037037,3.759259259259259,1.4589099142044146,Shark 1,Animal
I727,Negative,0.4803921568627451,3.656862745098039,1.4791963167040423,Shark 2,Animal
I728,Negative,0.43564356435643564,3.8118811881188117,1.2223982271512726,Shark 3,Animal
I729,Negative,0.7029702970297029,3.0792079207920793,1.1196710973927269,Shark 4,Animal
I730,Negative,0.46078431372549017,3.5980392156862746,1.4299470593369215,Shark 5,Animal
I731,Negative,0.3611111111111111,3.8981481481481484,1.426975199797691,Shark 6,Animal
I732,Negative,0.4158415841584158,3.8118811881188117,1.1892255571347994,Shark 7,Animal
I733,Positive,0.38235294117647056,4.068627450980392,1.276286413132998,Shark 8,Animal
I734,Negative,0.37254901960784315,3.8823529411764706,1.3445461352600547,Shark 9,Animal
I735,Negative,0.6138613861386139,3.237623762376238,1.1502044587940454,Shark 10,Animal
I736,Negative,0.4752475247524752,3.712871287128713,1.1343423968393875,Shark 11,Animal
I737,Negative,0.5490196078431373,3.343137254901961,1.3965664971545637,Shooting 1,Person
I738,Negative,0.696078431372549,2.764705882352941,1.187196302703632,Shot 1,Object
I739,Negative,0.5294117647058824,3.696078431372549,1.2648266478981056,Shot 2,Person
I740,Negative,0.9259259259259259,1.9166666666666667,0.9775517769589057,Shot 3,Object
I741,Negative,0.7352941176470589,2.549019607843137,1.1909514540687036,Shot 4,Object
I742,Negative,0.6078431372549019,3.0294117647058822,1.0573259972282327,Shot 5,Object
I743,Positive,0.9351851851851852,6.203703703703703,1.002420055397332,Siblings 1,Person
I744,Neutral,0.7450980392156863,4.313725490196078,0.7033215700012089,Sidewalk 1,Object
I745,Positive,0.45098039215686275,4.568627450980392,1.1389573477663955,Sidewalk 2,Object
I746,Neutral,0.7029702970297029,4.297029702970297,0.5752313352981658,Sidewalk 3,Object
I747,Positive,0.7549019607843137,5.46078431372549,1.0960917847258886,Sidewalk 4,Object
I748,Neutral,0.6470588235294118,4.46078431372549,0.7793316332621111,Sidewalk 5,Object
I749,Neutral,0.5,2.8333333333333335,1.4764376000355315,Sidewalk 6,Object
I750,Positive,0.8611111111111112,5.472222222222222,0.9115903053100128,Skier 1,Person
I751,Positive,0.5,4.5,1.1496878612118255,Skijump 1,Scene
I752,Positive,0.594059405940594,4.861386138613861,1.0679859827759635,Skijump 2,Scene
I753,Negative,0.6666666666666666,3.0555555555555554,1.2885791155655328,Skinhead 1,Person
I754,Positive,0.49019607843137253,4.647058823529412,0.9296763923674383,Sky 1,Scene
I755,Positive,0.7777777777777778,5.231481481481482,1.2723257200778488,Skydiving 1,Scene
I756,Positive,0.7843137254901961,5.333333333333333,1.1374222491833426,Skydiving 2,Person
I757,Positive,0.7029702970297029,5.079207920792079,1.2544573991717032,Skydiving 3,Person
I758,Positive,0.803921568627451,5.392156862745098,1.2360658025444127,Skydiving 4,Person
I759,Positive,0.6470588235294118,4.892156862745098,1.273545473927161,Skydiving 5,Person
I760,Neutral,0.7037037037037037,4.12962962962963,0.8438074878176052,Skyscraper 1,Scene
I761,Neutral,0.5686274509803921,4.490196078431373,0.853009791120152,Skyscraper 2,Scene
I762,Negative,0.5882352941176471,2.588235294117647,1.649199873064587,Sleepy pose 1,Person
I763,Neutral,0.5392156862745098,3.6372549019607843,0.941761733191812,Sleepy pose 2,Person
I764,Neutral,0.4411764705882353,3.7058823529411766,0.9909315078999479,Sleepy pose 3,Person
I765,Neutral,0.5392156862745098,3.9607843137254903,0.9111147413090804,Sleepy pose 4,Person
I766,Positive,0.7777777777777778,5.638888888888889,1.171773424985205,Smiling face 1,Person
I767,Negative,0.5882352941176471,3.0,1.3200660049504125,Snake 1,Animal
I768,Negative,0.5784313725490197,3.0784313725490198,1.4397901009687497,Snake 2,Animal
I769,Negative,0.6470588235294118,2.911764705882353,1.379503004037299,Snake 3,Animal
I770,Negative,0.7941176470588235,2.372549019607843,1.2658622751126936,Snake 4,Animal
I771,Negative,0.6831683168316832,2.900990099009901,1.3453992009440878,Snake 5,Animal
I772,Negative,0.6336633663366337,3.108910891089109,1.4205702383128396,Snake 6,Animal
I773,Neutral,0.5490196078431373,4.627450980392157,0.8550556536510436,Snow 1,Scene
I774,Neutral,0.5392156862745098,4.549019607843137,0.8160209056290206,Snow 2,Scene
I775,Neutral,0.5648148148148148,4.564814814814815,0.9300100305774834,Snow 3,Scene
I776,Neutral,0.5185185185185185,3.4444444444444446,1.3830302186394128,Snow 4,Scene
I777,Positive,0.5686274509803921,4.823529411764706,0.9991260012896851,Snow 5,Scene
I778,Neutral,0.696078431372549,4.362745098039215,0.7550387267790499,Soccer 1,Object
I779,Neutral,0.48514851485148514,4.594059405940594,0.9075044663447357,Soccer 2,Object
I780,Neutral,0.7592592592592593,4.203703703703703,0.5596938291745416,Socks 1,Object
I781,Positive,0.5588235294117647,5.009803921568627,1.2226824757148165,Solar panel 1,Scene
I782,Positive,0.3611111111111111,4.157407407407407,1.3953329220329833,Soldiers 1,Scene
I783,Neutral,0.3465346534653465,4.00990099009901,1.19578467547423,Soldiers 2,Person
I784,Positive,0.5544554455445545,4.3861386138613865,1.4830394265136917,Soldiers 3,Person
I785,Positive,0.5490196078431373,4.666666666666667,1.517771512130961,Soldiers 4,Scene
I786,Positive,0.6732673267326733,4.9405940594059405,1.0660373556139375,Soldiers 5,Person
I787,Neutral,0.5370370370370371,4.092592592592593,1.0003460806471494,Soldiers 6,Person
I788,Negative,0.7920792079207921,2.613861386138614,1.1997524497137146,Soldiers 7,Person
I789,Negative,0.7777777777777778,2.509259259259259,1.2035412729557127,Soldiers 8,Person
I790,Negative,0.5686274509803921,3.4705882352941178,1.3766502777346734,Soldiers 9,Person
I791,Negative,0.7821782178217822,2.603960396039604,1.378979390134545,Soldiers 10,Scene
I792,Positive,0.6534653465346535,5.0495049504950495,0.9420853212290528,Soup 1,Object
I793,Negative,0.6078431372549019,3.0686274509803924,1.477620537855524,Spider 1,Animal
I794,Negative,0.6470588235294118,2.9019607843137254,1.4177782362414,Spider 2,Animal
I795,Positive,0.7407407407407407,5.333333333333333,1.1600837868547962,Statue 1,Object
I796,Positive,0.6764705882352942,5.03921568627451,1.3564774461559332,Statue 2,Object
I797,Positive,0.4752475247524752,4.544554455445544,1.127162388258653,Stingray 1,Animal
I798,Positive,0.5980392156862745,4.754901960784314,1.1207871571709258,Stingray 2,Animal
I799,Positive,0.48514851485148514,4.534653465346534,1.196364128813996,Stingray 3,Animal
I800,Neutral,0.7843137254901961,4.019607843137255,0.7443568844465837,Storage 1,Object
I801,Neutral,0.7722772277227723,4.00990099009901,0.6707465915671953,Storage 2,Object
I802,Neutral,0.5882352941176471,3.7058823529411766,1.1396389500702322,Storage 3,Object
I803,Neutral,0.5098039215686274,4.549019607843137,0.9608932620212635,Street 1,Scene
I804,Positive,0.4537037037037037,4.611111111111111,1.134285837595937,Street 2,Scene
I805,Positive,0.6862745098039216,5.0588235294117645,0.9421224133928259,Street 3,Scene
I806,Positive,0.5686274509803921,4.882352941176471,0.9259099634077811,Street 4,Scene
I807,Neutral,0.6274509803921569,4.049019607843137,0.9268006394874252,Street 5,Scene
I808,Positive,0.4158415841584158,4.415841584158416,1.358435325900157,Sun 1,Object
I809,Positive,0.900990099009901,5.871287128712871,1.0739028479023012,Sunflower 1,Scene
I810,Positive,0.9215686274509803,6.068627450980392,1.0365575540235763,Sunset 1,Scene
I811,Positive,0.9215686274509803,6.009803921568627,0.9999514645569643,Sunset 2,Scene
I812,Positive,0.9259259259259259,6.12037037037037,0.9832008816581276,Sunset 3,Scene
I813,Positive,0.9509803921568627,6.107843137254902,0.9941100079084424,Sunset 4,Scene
I814,Positive,0.8888888888888888,5.87962962962963,1.1250552849767281,Sunset 5,Scene
I815,Positive,0.8796296296296297,5.814814814814815,1.0425359820155666,Sunset 6,Scene
I816,Negative,0.696078431372549,2.911764705882353,1.14410188890996,Surgery 1,Person
I817,Neutral,0.37037037037037035,4.0,1.2604701689167308,Surgery 2,Person
I818,Negative,0.48148148148148145,3.675925925925926,1.3863736310710186,Surgery 3,Person
I819,Negative,0.504950495049505,3.485148514851485,1.1883927077034646,Surgery 4,Person
I820,Positive,0.37254901960784315,3.9901960784313726,1.4589776567023727,Surgery 5,Person
I821,Positive,0.5980392156862745,4.686274509803922,1.1167526486889197,Surprise 1,Person
I822,Positive,0.8137254901960784,5.294117647058823,1.1738759974159367,Surprise 2,Person
I823,Positive,0.6534653465346535,5.0594059405940595,1.0081843301521585,Swimming 1,Person
I824,Neutral,0.5784313725490197,4.313725490196078,0.7309344643844652,Swingset 1,Object
I825,Negative,0.7037037037037037,3.1666666666666665,1.3568793223154014,Thunderstorm 1,Scene
I826,Positive,0.7129629629629629,5.055555555555555,1.4262776422466228,Thunderstorm 2,Scene
I827,Negative,0.40594059405940597,3.9603960396039604,1.326052729564009,Thunderstorm 3,Scene
I828,Negative,0.5346534653465347,3.4455445544554455,1.396246736968452,Thunderstorm 4,Scene
I829,Positive,0.49504950495049505,4.752475247524752,1.2837907975527743,Thunderstorm 5,Scene
I830,Positive,0.5092592592592593,4.5092592592592595,1.410874789084493,Thunderstorm 6,Scene
I831,Positive,0.45544554455445546,4.485148514851486,1.1799479767018426,Thunderstorm 7,Scene
I832,Positive,0.45098039215686275,4.372549019607843,1.3637569585992007,Thunderstorm 8,Scene
I833,Positive,0.5588235294117647,4.607843137254902,1.244050098837576,Thunderstorm 9,Scene
I834,Positive,0.40594059405940597,4.366336633663367,1.1893088100003946,Thunderstorm 10,Scene
I835,Negative,0.4351851851851852,3.9444444444444446,1.56380397302335,Thunderstorm 11,Scene
I836,Positive,0.7647058823529411,5.362745098039215,1.2648266478981056,Tickling 1,Person
I837,Positive,0.6138613861386139,4.742574257425742,1.3831374866334485,Tiger 1,Animal
I838,Positive,0.7450980392156863,5.392156862745098,1.1531863970059502,Tiger 2,Animal
I839,Neutral,0.6435643564356436,3.8316831683168315,1.0589552108629814,Timber 1,Object
I840,Neutral,0.5784313725490197,4.333333333333333,0.998348471209826,Timber 2,Object
I841,Neutral,0.7129629629629629,4.12037037037037,0.8170792820360652,Timber 3,Object
I842,Neutral,0.7058823529411765,4.303921568627451,0.7283402491556328,Timber 4,Object
I843,Positive,0.6336633663366337,4.801980198019802,1.2885635566800577,Toast 1,Person
I844,Neutral,0.7450980392156863,3.803921568627451,0.8447767961845144,Toilet 1,Object
I845,Neutral,0.6388888888888888,3.6481481481481484,0.9600897038971145,Toilet 2,Object
I846,Neutral,0.6372549019607843,3.8333333333333335,0.8569267368586618,Toilet 3,Object
I847,Negative,0.8118811881188119,2.5346534653465347,1.2129662520914881,Toilet 4,Object
I848,Negative,0.8823529411764706,2.0980392156862746,1.1125726490602772,Tornado 1,Scene
I849,Negative,0.5392156862745098,3.519607843137255,1.4807704186703499,Tornado 2,Scene
I850,Negative,0.7821782178217822,2.6633663366336635,1.227006338392531,Tornado 3,Scene
I851,Negative,0.7549019607843137,2.696078431372549,1.362795726368195,Tornado 4,Scene
I852,Negative,0.6666666666666666,3.25,1.4669250692787634,Tornado 5,Scene
I853,Neutral,0.46078431372549017,3.3627450980392157,1.2957601514266588,Torture chamber 1,Object
I854,Positive,0.48514851485148514,4.623762376237623,1.1300573892375099,Traffic 1,Scene
I855,Negative,0.9901960784313726,1.4019607843137254,0.7211075628911298,Tumor 1,Person
I856,Negative,0.42574257425742573,3.7524752475247523,1.2280548896043646,Volcano 1,Scene
I857,Negative,0.7254901960784313,2.6372549019607843,1.546565762311435,Volcano 2,Scene
I858,Positive,0.42592592592592593,4.388888888888889,1.5028529462968578,Volcano 3,Scene
I859,Neutral,0.8921568627450981,4.078431372549019,0.5917966353570114,Wall 1,Object
I860,Neutral,0.9117647058823529,4.029411764705882,0.4966398450605886,Wall 2,Object
I861,Neutral,0.8921568627450981,4.0588235294117645,0.46295498170389054,Wall 3,Object
I862,Neutral,0.8910891089108911,3.99009900990099,0.49990098029410773,Wall 4,Object
I863,Neutral,0.8811881188118812,3.99009900990099,0.47947991626241226,Wall 5,Object
I864,Negative,0.9074074074074074,1.7592592592592593,1.281575916343904,War 1,Person
I865,Negative,0.801980198019802,2.396039603960396,1.5170972804721,War 2 ,Scene
I866,Negative,0.5370370370370371,3.462962962962963,1.5493497335160578,War 3,Person
I867,Negative,0.696078431372549,2.9705882352941178,1.3820338173631892,War 4,Person
I868,Negative,0.7821782178217822,2.4554455445544554,1.4527542977065842,War 5,Scene
I869,Negative,0.9509803921568627,1.392156862745098,0.8805585844763599,War 6,Person
I870,Negative,0.504950495049505,3.1782178217821784,1.7910669423779804,War 7,Person
I871,Negative,0.9705882352941176,1.7156862745098038,0.9583138139191981,War 8,Scene
I872,Positive,0.803921568627451,5.431372549019608,1.1476174537837431,Waterfall 1,Scene
I873,Negative,0.7222222222222222,2.8425925925925926,1.381872203113953,Weapon 1,Object
I874,Positive,0.8217821782178217,5.673267326732673,1.1585241550445904,Wedding 1,Person
I875,Positive,0.8529411764705882,5.784313725490196,1.1657441508986008,Wedding 2,Person
I876,Positive,0.8333333333333334,5.784313725490196,1.2945235063615557,Wedding 3,Person
I877,Positive,0.8796296296296297,5.814814814814815,0.9967062405101756,Wedding 4,Object
I878,Positive,0.8431372549019608,5.735294117647059,1.2501601528155615,Wedding 5,Person
I879,Positive,0.9405940594059405,6.0,0.9899494936611666,Wedding 6,Person
I880,Positive,0.7450980392156863,5.284313725490196,1.2217294265470295,Wedding 7,Object
I881,Positive,0.8627450980392157,5.627450980392157,1.116231004760721,Wedding 8,Object
I882,Positive,0.8627450980392157,5.764705882352941,1.1955070227109474,Wedding 9,Person
I883,Positive,0.8823529411764706,5.794117647058823,1.1374649187854877,Wedding 10,Person
I884,Positive,0.6666666666666666,5.019607843137255,1.1343458197347744,Wedding 11,Object
I885,Positive,0.5092592592592593,4.898148148148148,1.031647034607879,Wedding 12,Scene
I886,Positive,0.8137254901960784,5.754901960784314,1.138317974941679,Wedding ring 1,Object
I887,Neutral,0.4537037037037037,3.1666666666666665,1.5131819540849092,Windmill 1,Object
I888,Positive,0.8316831683168316,5.455445544554456,1.1092768137417055,Wolf 1,Animal
I889,Negative,0.6764705882352942,3.088235294117647,1.3431376091666234,Wolf 2,Animal
I890,Neutral,0.5,3.784313725490196,1.2713713729389056,Woods 1,Scene
I891,Negative,0.5196078431372549,2.5980392156862746,1.470904644664102,Yarn 1,Object
I892,Neutral,0.8514851485148515,4.108910891089109,0.4449941594899848,Yarn 2,Object
I893,Neutral,0.7745098039215687,4.303921568627451,0.7006251195497131,Yarn 3,Object
I894,Neutral,0.8148148148148148,4.203703703703703,0.5071315569562997,Yarn 4,Object
I895,Positive,0.8425925925925926,5.564814814814815,1.061414574973128,Yoga 1,Person
I896,Negative,0.4722222222222222,3.0925925925925926,1.531824622334253,Yoga 2,Person
I897,Positive,0.8529411764705882,5.490196078431373,0.9517581234373698,Yoga 3,Person
I898,Positive,0.8823529411764706,5.7254901960784315,1.0064825796163828,Yoga 4,Person
I899,Neutral,0.4019607843137255,3.450980392156863,1.5326638363500622,Yoga 5,Person
I900,Positive,0.9074074074074074,5.805555555555555,0.9614857402272985,Zebra 1,Animal
